ACCIDENT_DATE,ACCIDENT_TIME,ALCOHOLTIME,ACCIDENT_TYPE,DCA_CODE,HIT_RUN_FLAG,LIGHT_CONDITION,POLICE_ATTEND,ROAD_GEOMETRY,SEVERITY,SPEED_ZONE,LONGITUDE,LATITUDE,LGA_NAME,REGION_NAME,TOTAL_PERSONS,INJ_OR_FATAL,FATALITY,SERIOUSINJURY,OTHERINJURY,NONINJURED,MALES,FEMALES,BICYCLIST,PASSENGER,DRIVER,PEDESTRIAN,PILLION,MOTORIST,UNKNOWN,PED_CYCLIST_5_12,PED_CYCLIST_13_18,OLD_PEDESTRIAN,OLD_DRIVER,YOUNG_DRIVER,ALCOHOL_RELATED,UNLICENCSED,NO_OF_VEHICLES,HEAVYVEHICLE,PASSENGERVEHICLE,MOTORCYCLE,PUBLICVEHICLE,DEG_URBAN_NAME
20/06/2012,12.28.00,No,Collision with vehicle,RIGHT THROUGH,No,Day,Yes,T intersection,Serious injury accident,60 km/hr,144.98596,-37.8073,YARRA,METROPOLITAN NORTH WEST REGION,2,1,0,1,0,1,1,1,1,0,1,0,0,0,0,0,0,0,0,0,No,0,2,0,1,0,0,Metropolitan Excluding CBD
20/06/2012,16.10.00,No,Struck Pedestrian,PED STRUCK WALKING TO/FROM OR BOARDING/ALIGHTING VEHICLE.,No,Day,Yes,Cross intersection,Other injury accident,40 km/hr,145.08504,-37.83446,BOROONDARA,METROPOLITAN SOUTH EAST REGION,2,1,0,0,1,1,1,1,0,0,1,1,0,0,0,1,0,0,0,1,No,0,1,0,1,0,0,Metropolitan Excluding CBD
20/06/2012,16.02.00,No,Collision with vehicle,OTHER MANOEUVRING NOT INCLUDED IN DCAs 140-148,No,Day,Yes,Not at intersection,Serious injury accident,40 km/hr,144.88146,-37.84234,HOBSONS BAY,METROPOLITAN NORTH WEST REGION,2,1,0,1,0,1,0,2,0,0,2,0,0,0,0,0,0,0,0,0,No,0,3,0,3,0,0,Metropolitan Excluding CBD
20/06/2012,18.35.00,Yes,Collision with vehicle,REAR END(VEHICLES IN SAME LANE),No,Dark Street lights on,Yes,Cross intersection,Other injury accident,50 km/hr,144.8971,-37.80568,MARIBYRNONG,METROPOLITAN NORTH WEST REGION,2,1,0,0,1,1,0,2,0,0,2,0,0,0,0,0,0,0,0,0,No,0,2,0,2,0,0,Metropolitan Excluding CBD
20/06/2012,18.40.00,Yes,No collision and no object struck,OUT OF CONTROL ON CARRIAGEWAY (ON STRAIGHT),No,Dark Street lights on,Yes,T intersection,Other injury accident,60 km/hr,144.90956,-37.7562,MOONEE VALLEY,METROPOLITAN NORTH WEST REGION,3,1,0,0,1,2,1,2,0,1,1,0,0,1,0,0,0,0,0,0,No,0,2,0,1,1,0,Metropolitan Excluding CBD
20/06/2012,19.59.00,Yes,Collision with vehicle,VEHICLE STRIKES DOOR OF PARKED/STATIONARY VEHICLE,No,Day,No,Not at intersection,Other injury accident,40 km/hr,144.96144,-37.77102,MORELAND,METROPOLITAN NORTH WEST REGION,2,1,0,0,1,1,0,1,1,0,0,0,0,0,1,0,0,0,0,0,No,0,2,0,0,0,0,Metropolitan Excluding CBD
20/06/2012,20.40.00,Yes,Collision with vehicle,REAR END(VEHICLES IN SAME LANE),No,Dark Street lights unknown,No,Not at intersection,Other injury accident,80 km/hr,144.82475,-37.70964,BRIMBANK,METROPOLITAN NORTH WEST REGION,3,2,0,0,2,1,2,1,0,1,2,0,0,0,0,0,0,0,1,0,No,0,2,0,2,0,0,Metropolitan Excluding CBD
20/06/2012,17.00.00,No,Collision with vehicle,LEFT TURN SIDESWIPE,No,Dusk/Dawn,No,T intersection,Other injury accident,60 km/hr,144.96386,-37.80109,MELBOURNE,METROPOLITAN NORTH WEST REGION,2,1,0,0,1,1,1,1,1,0,1,0,0,0,0,0,0,0,0,1,No,0,2,0,1,0,0,Metropolitan Excluding CBD
20/06/2012,20.11.00,Yes,Collision with vehicle,RIGHT THROUGH,No,Dark Street lights on,Yes,T intersection,Serious injury accident,50 km/hr,144.99616,-37.83683,STONNINGTON,METROPOLITAN SOUTH EAST REGION,2,2,0,2,0,0,1,1,1,0,1,0,0,0,0,0,0,0,0,1,No,1,2,0,1,0,0,Metropolitan Excluding CBD
20/06/2012,20.30.00,Yes,collision with some other object,STRUCK OBJECT ON CARRIAGEWAY,No,Dark No street lights,Yes,Not at intersection,Other injury accident,80 km/hr,145.40581,-37.92037,YARRA RANGES,METROPOLITAN SOUTH EAST REGION,1,1,0,0,1,0,0,1,0,0,1,0,0,0,0,0,0,0,0,1,No,0,1,0,1,0,0,Metropolitan Excluding CBD
20/06/2012,21.15.00,Yes,Struck Pedestrian,PED NEAR SIDE. PED HIT BY VEHICLE FROM THE RIGHT.,No,Dark Street lights on,Yes,T intersection,Serious injury accident,60 km/hr,145.0142,-37.85466,STONNINGTON,METROPOLITAN SOUTH EAST REGION,3,1,0,1,0,2,2,1,0,1,1,1,0,0,0,0,0,0,0,0,No,0,1,0,1,0,0,Metropolitan Excluding CBD
20/06/2012,21.30.00,Yes,Collision with a fixed object,OFF END OF ROAD/T-INTERSECTION.,No,Dark No street lights,Yes,T intersection,Other injury accident,100 km/hr,144.61686,-36.19883,CAMPASPE,NORTHERN REGION,2,2,0,0,2,0,1,1,0,1,1,0,0,0,0,0,0,0,0,0,No,0,1,0,1,0,0,Country
20/06/2012,21.45.00,Yes,Collision with vehicle,LEFT FAR (INTERSECTIONS ONLY),Yes,Dark Street lights on,Yes,Cross intersection,Other injury accident,60 km/hr,145.06134,-37.93644,GLEN EIRA,METROPOLITAN SOUTH EAST REGION,2,1,0,0,1,1,2,0,0,0,2,0,0,0,0,0,0,0,0,0,Yes,0,2,0,2,0,0,Metropolitan Excluding CBD
20/06/2012,16.38.00,No,Struck Pedestrian,FAR SIDE. PED HIT BY VEHICLE FROM THE LEFT,Yes,Day,Yes,Not at intersection,Serious injury accident,50 km/hr,144.36137,-38.14592,GEELONG,SOUTH WESTERN REGION,2,1,0,1,0,1,2,0,0,0,1,1,0,0,0,0,0,0,0,1,No,1,1,0,1,0,0,Large Provincial Cities
20/06/2012,21.10.00,Yes,Collision with a fixed object,OUT OF CONTROL (OVERTAKING),No,Dark No street lights,Yes,Not at intersection,Serious injury accident,80 km/hr,144.28526,-38.2072,GEELONG,SOUTH WESTERN REGION,3,1,0,1,0,2,3,0,0,2,1,0,0,0,0,0,0,0,0,1,Yes,1,1,0,1,0,0,Country
20/06/2012,22.20.00,Yes,Collision with vehicle,RIGHT NEAR (INTERSECTIONS ONLY),No,Dark Street lights on,Yes,Cross intersection,Other injury accident,50 km/hr,144.95764,-37.82664,MELBOURNE,METROPOLITAN NORTH WEST REGION,4,1,0,0,1,3,2,2,0,2,2,0,0,0,0,0,0,0,0,0,No,0,2,0,2,0,0,Metropolitan Excluding CBD
20/06/2012,15.00.00,No,Collision with vehicle,CROSS TRAFFIC(INTERSECTIONS ONLY),No,Day,Yes,Cross intersection,Other injury accident,50 km/hr,143.58429,-38.33742,COLAC OTWAY,SOUTH WESTERN REGION,4,4,0,0,4,0,1,3,0,2,2,0,0,0,0,0,0,0,0,0,No,0,2,0,2,0,0,Small Provincial Cities
20/06/2012,08.30.00,No,Collision with vehicle,CROSS TRAFFIC(INTERSECTIONS ONLY),No,Day,No,Cross intersection,Other injury accident,60 km/hr,144.98382,-37.87592,PORT PHILLIP,METROPOLITAN NORTH WEST REGION,2,1,0,0,1,1,2,0,1,0,1,0,0,0,0,0,0,0,0,0,No,0,2,0,1,0,0,Metropolitan Excluding CBD
20/06/2012,17.00.00,No,No collision and no object struck,OFF CARRIAGEWAY TO LEFT,Not known,Dusk/Dawn,No,Not at intersection,Other injury accident,80 km/hr,145.2162,-37.99296,DANDENONG,METROPOLITAN SOUTH EAST REGION,2,1,0,0,1,1,2,0,0,1,1,0,0,0,0,0,0,0,0,1,No,0,1,0,1,0,0,Metropolitan Excluding CBD
20/06/2012,16.20.00,No,collision with some other object,OTHER ACCIDENTS NOT CLASSIFIABLE ELSEWHERE,No,Day,Yes,Not at intersection,Serious injury accident,50 km/hr,145.3717,-37.91759,YARRA RANGES,METROPOLITAN SOUTH EAST REGION,2,1,0,1,0,1,1,1,0,1,1,0,0,0,0,0,0,0,0,0,No,0,1,0,1,0,0,Metropolitan Excluding CBD
20/06/2012,17.55.00,No,Struck Pedestrian,ANY MANOEUVRE INVOLVING PED NOT INCLUDED IN DCAs 100-108.,No,Day,No,Not at intersection,Serious injury accident,50 km/hr,145.41251,-36.34771,SHEPPARTON,NORTH EASTERN REGION,2,1,0,1,0,1,1,1,0,0,1,1,0,0,0,0,1,0,0,0,No,0,1,0,0,0,1,Small Provincial Cities
20/06/2012,17.30.00,No,Collision with vehicle,RIGHT THROUGH,No,Dark Street lights on,No,Cross intersection,Other injury accident,60 km/hr,144.99976,-37.81539,YARRA,METROPOLITAN NORTH WEST REGION,2,1,0,0,1,1,2,0,1,0,1,0,0,0,0,0,0,0,0,0,No,0,2,0,1,0,0,Metropolitan Excluding CBD
21/06/2012,07.01.00,No,Collision with vehicle,RIGHT THROUGH,No,Dusk/Dawn,Yes,T intersection,Other injury accident,80 km/hr,145.24688,-38.03598,DANDENONG,METROPOLITAN SOUTH EAST REGION,2,2,0,0,2,0,0,2,0,0,2,0,0,0,0,0,0,0,0,0,No,0,2,0,2,0,0,Metropolitan Excluding CBD
21/06/2012,08.45.00,No,Struck Pedestrian,PED NEAR SIDE. PED HIT BY VEHICLE FROM THE RIGHT.,No,Day,Yes,Cross intersection,Serious injury accident,50 km/hr,144.35919,-38.1445,GEELONG,SOUTH WESTERN REGION,2,1,0,1,0,1,1,1,0,0,1,1,0,0,0,0,0,0,0,0,No,0,1,0,1,0,0,Large Provincial Cities
21/06/2012,06.40.00,No,Collision with vehicle,REAR END(VEHICLES IN SAME LANE),No,Dusk/Dawn,Yes,Not at intersection,Other injury accident,80 km/hr,144.13542,-37.95754,GOLDEN PLAINS,SOUTH WESTERN REGION,2,1,0,0,1,1,2,0,0,0,2,0,0,0,0,0,0,0,0,0,No,0,2,0,2,0,0,Small Towns
21/06/2012,06.45.00,No,Collision with vehicle,RIGHT NEAR (INTERSECTIONS ONLY),No,Dark Street lights on,Yes,Y intersection,Serious injury accident,80 km/hr,146.5491,-38.24913,LATROBE,EASTERN REGION,3,2,0,1,1,1,3,0,0,1,2,0,0,0,0,0,0,0,0,1,No,0,2,0,1,0,0,Country
21/06/2012,10.00.00,No,Struck Pedestrian,FAR SIDE. PED HIT BY VEHICLE FROM THE LEFT,No,Day,Yes,Cross intersection,Other injury accident,50 km/hr,142.47681,-38.38055,WARRNAMBOOL,SOUTH WESTERN REGION,2,1,0,0,1,1,2,0,0,0,1,1,0,0,0,0,0,0,0,0,No,0,1,0,1,0,0,Small Provincial Cities
21/06/2012,08.10.00,No,Collision with vehicle,RIGHT REAR.,No,Day,Yes,T intersection,Serious injury accident,80 km/hr,146.41753,-38.32361,LATROBE,EASTERN REGION,19,1,0,1,0,18,2,4,0,17,2,0,0,0,0,0,0,0,0,0,No,0,2,0,1,0,1,Other Towns
21/06/2012,07.18.00,No,Struck Pedestrian,PED NEAR SIDE. PED HIT BY VEHICLE FROM THE RIGHT.,No,Dark Street lights on,Yes,T intersection,Fatal accident,60 km/hr,145.074,-37.94943,KINGSTON,METROPOLITAN SOUTH EAST REGION,3,1,1,0,0,2,2,1,0,0,2,1,0,0,0,0,0,0,0,0,No,0,2,1,1,0,0,Metropolitan Excluding CBD
21/06/2012,09.59.00,No,Collision with vehicle,U TURN,No,Day,Yes,Not at intersection,Other injury accident,60 km/hr,145.09494,-37.82567,BOROONDARA,METROPOLITAN SOUTH EAST REGION,2,1,0,0,1,1,1,1,0,0,2,0,0,0,0,0,0,0,0,0,No,0,2,0,2,0,0,Metropolitan Excluding CBD
21/06/2012,07.50.00,No,Collision with vehicle,HEAD ON (NOT OVERTAKING),No,Day,Yes,Not at intersection,Serious injury accident,100 km/hr,145.02257,-37.42157,MITCHELL,NORTHERN REGION,2,1,0,1,0,1,2,0,0,0,2,0,0,0,0,0,0,0,0,0,No,0,2,0,1,0,0,Country
21/06/2012,09.40.00,No,Collision with vehicle,RIGHT NEAR (INTERSECTIONS ONLY),No,Day,Yes,T intersection,Other injury accident,60 km/hr,144.30905,-38.33912,SURF COAST,SOUTH WESTERN REGION,4,1,0,0,1,3,1,3,0,2,2,0,0,0,0,0,0,0,0,0,No,0,2,0,2,0,0,Small Provincial Cities
21/06/2012,06.30.00,No,Collision with vehicle,RIGHT THROUGH,No,Dark Street lights on,Yes,Cross intersection,Other injury accident,60 km/hr,145.02561,-37.72906,DAREBIN,METROPOLITAN NORTH WEST REGION,2,1,0,0,1,1,2,0,0,0,2,0,0,0,0,0,0,0,0,0,No,0,2,0,2,0,0,Metropolitan Excluding CBD
21/06/2012,10.35.00,No,Collision with a fixed object,OFF LEFT BEND INTO OBJECT/PARKED VEHICLE,No,Day,Yes,T intersection,Other injury accident,60 km/hr,142.29593,-37.87505,SOUTHERN GRAMPIANS,SOUTH WESTERN REGION,1,1,0,0,1,0,0,1,0,0,1,0,0,0,0,0,0,0,0,0,No,0,1,0,1,0,0,Small Towns
21/06/2012,08.10.00,No,Collision with vehicle,U TURN,No,Day,Yes,Not at intersection,Fatal accident,100 km/hr,144.43503,-36.7746,BENDIGO,NORTHERN REGION,3,2,1,1,0,1,0,3,0,1,2,0,0,0,0,0,0,0,0,1,No,0,2,0,2,0,0,Country
21/06/2012,11.20.00,No,Struck Pedestrian,FAR SIDE. PED HIT BY VEHICLE FROM THE LEFT,No,Day,No,Cross intersection,Other injury accident,50 km/hr,144.99413,-37.84686,STONNINGTON,METROPOLITAN SOUTH EAST REGION,2,1,0,0,1,1,2,0,0,0,1,1,0,0,0,0,0,0,0,0,No,0,1,0,1,0,0,Metropolitan Excluding CBD
21/06/2012,08.50.00,No,Collision with vehicle,RIGHT REAR.,No,Day,Yes,T intersection,Other injury accident,60 km/hr,145.11011,-37.81631,WHITEHORSE,METROPOLITAN SOUTH EAST REGION,2,1,0,0,1,1,1,1,0,0,2,0,0,0,0,0,0,0,0,0,No,0,2,0,2,0,0,Metropolitan Excluding CBD
21/06/2012,11.30.00,No,Collision with vehicle,CROSS TRAFFIC(INTERSECTIONS ONLY),No,Day,Yes,Cross intersection,Other injury accident,50 km/hr,146.42295,-38.22514,LATROBE,EASTERN REGION,4,2,0,0,2,2,2,2,0,2,2,0,0,0,0,0,0,0,0,0,No,0,2,0,2,0,0,Small Provincial Cities
21/06/2012,07.15.00,No,No collision and no object struck,OUT OF CONTROL ON CARRIAGEWAY (ON STRAIGHT),No,Dusk/Dawn,No,T intersection,Other injury accident,50 km/hr,143.79715,-37.54645,BALLARAT,WESTERN REGION,1,1,0,0,1,0,1,0,0,0,0,0,0,1,0,0,0,0,0,0,No,0,1,0,0,1,0,Large Provincial Cities
21/06/2012,13.50.00,No,Collision with a fixed object,LEFT OFF CARRIAGEWAY INTO OBJECT/PARKED VEHICLE,No,Day,Yes,Not at intersection,Other injury accident,110 km/hr,145.43482,-36.81997,STRATHBOGIE,NORTH EASTERN REGION,3,1,0,0,1,2,1,2,0,2,1,0,0,0,0,0,0,0,0,1,No,0,1,0,1,0,0,Country
21/06/2012,10.30.00,No,Vehicle overturned (no collision),OUT OF CONTROL ON CARRIAGEWAY (ON STRAIGHT),No,Day,No,Cross intersection,Other injury accident,60 km/hr,145.02144,-37.8505,STONNINGTON,METROPOLITAN SOUTH EAST REGION,1,1,0,0,1,0,1,0,0,0,0,0,0,1,0,0,0,0,0,0,No,0,1,0,0,1,0,Metropolitan Excluding CBD
21/06/2012,06.55.00,No,Collision with vehicle,REAR END(VEHICLES IN SAME LANE),No,Dark Street lights on,No,Not at intersection,Other injury accident,70 km/hr,144.78636,-37.84364,WYNDHAM,METROPOLITAN NORTH WEST REGION,5,2,0,0,2,3,2,2,0,2,2,0,0,0,1,0,0,0,0,0,No,0,3,0,2,0,0,Metropolitan Excluding CBD
21/06/2012,15.45.00,No,Collision with vehicle,REAR END(VEHICLES IN SAME LANE),No,Day,Yes,Not at intersection,Other injury accident,60 km/hr,144.59177,-37.48455,MACEDON RANGES,NORTHERN REGION,2,1,0,0,1,1,1,1,0,0,2,0,0,0,0,0,0,0,0,1,No,0,2,0,2,0,0,Other Towns
21/06/2012,15.45.00,No,Collision with vehicle,HEAD ON (NOT OVERTAKING),No,Day,Yes,Not at intersection,Serious injury accident,80 km/hr,144.31784,-36.69632,BENDIGO,NORTHERN REGION,2,1,0,1,0,1,2,0,1,0,1,0,0,0,0,0,0,0,0,1,No,0,2,0,1,0,0,Large Provincial Cities
21/06/2012,15.15.00,No,Collision with vehicle,RIGHT NEAR (INTERSECTIONS ONLY),No,Day,Yes,T intersection,Serious injury accident,80 km/hr,145.28368,-38.0112,CASEY,METROPOLITAN SOUTH EAST REGION,2,1,0,1,0,1,1,1,0,0,2,0,0,0,0,0,0,0,1,0,No,0,2,0,2,0,0,Metropolitan Excluding CBD
21/06/2012,17.10.00,No,Collision with vehicle,REAR END(VEHICLES IN SAME LANE),Yes,Dark Street lights on,Yes,T intersection,Serious injury accident,70 km/hr,144.81104,-37.72919,BRIMBANK,METROPOLITAN NORTH WEST REGION,2,1,0,1,0,1,2,0,0,0,2,0,0,0,0,0,0,0,0,0,No,0,2,0,2,0,0,Metropolitan Excluding CBD
21/06/2012,18.30.00,Yes,No collision and no object struck,OUT OF CONTROL ON CARRIAGEWAY (ON STRAIGHT),No,Dark Street lights on,Yes,Cross intersection,Other injury accident,60 km/hr,144.9459,-37.80053,MELBOURNE,METROPOLITAN NORTH WEST REGION,2,1,0,0,1,1,1,0,0,0,0,0,0,1,1,0,0,0,0,0,No,0,2,0,0,1,0,Metropolitan Excluding CBD
21/06/2012,17.55.00,No,Collision with vehicle,OTHER OVERTAKING MANOEUVRES NOT INCLUDED IN DCAs 150-154,Yes,Dark Street lights on,Yes,Not at intersection,Other injury accident,100 km/hr,144.70037,-37.74548,MELTON,METROPOLITAN NORTH WEST REGION,4,2,0,0,2,2,1,2,0,1,2,0,0,0,1,0,0,0,0,0,No,0,3,0,2,0,0,Country
21/06/2012,17.30.00,No,Collision with vehicle,RIGHT REAR.,No,Dark Street lights on,Yes,T intersection,Other injury accident,50 km/hr,142.78281,-37.05392,NORTHERN GRAMPIANS,WESTERN REGION,7,2,0,0,2,5,3,4,0,5,2,0,0,0,0,0,0,0,0,0,No,0,2,0,2,0,0,Other Towns
21/06/2012,19.40.00,Yes,Collision with vehicle,LANE SIDE SWIPE (VEHICLES IN PARALLEL LANES),No,Dark Street lights on,Yes,T intersection,Serious injury accident,60 km/hr,144.96478,-37.75177,MORELAND,METROPOLITAN NORTH WEST REGION,2,1,0,1,0,1,1,1,0,0,1,0,0,1,0,0,0,0,0,0,No,0,2,0,0,1,1,Metropolitan Excluding CBD
21/06/2012,17.43.00,No,Struck Pedestrian,FAR SIDE. PED HIT BY VEHICLE FROM THE LEFT,No,Dark Street lights on,Yes,Not at intersection,Other injury accident,60 km/hr,144.93817,-37.75239,MORELAND,METROPOLITAN NORTH WEST REGION,2,2,0,0,2,0,1,1,0,0,0,1,0,1,0,0,1,0,0,0,No,0,1,0,0,1,0,Metropolitan Excluding CBD
21/06/2012,19.10.00,Yes,Collision with a fixed object,RIGHT OFF CARRIAGEWAY INTO OBJECT/PARKED VEHICLE,No,Dark Street lights on,Yes,Cross intersection,Serious injury accident,60 km/hr,144.99966,-37.73754,DAREBIN,METROPOLITAN NORTH WEST REGION,1,1,0,1,0,0,1,0,0,0,1,0,0,0,0,0,0,0,0,0,No,0,1,0,1,0,0,Metropolitan Excluding CBD
21/06/2012,18.45.00,Yes,Collision with a fixed object,OTHER ACCIDENTS-OFF STRAIGHT NOT INCLUDED IN DCAs 170-175,No,Dark Street lights on,Yes,Cross intersection,Other injury accident,40 km/hr,143.73748,-37.04702,CENTRAL GOLDFIELDS,WESTERN REGION,4,4,0,0,4,0,0,4,0,3,1,0,0,0,0,0,0,0,0,1,No,0,1,0,1,0,0,Other Towns
21/06/2012,18.09.00,Yes,Collision with vehicle,VEHICLE COLLIDES WITH VEHICLE PARKED ON LEFT OF ROAD,No,Dark Street lights on,Yes,Cross intersection,Other injury accident,50 km/hr,142.47053,-36.61641,YARRIAMBIACK,WESTERN REGION,1,1,0,0,1,0,0,1,0,0,1,0,0,0,0,0,0,0,0,0,No,0,4,0,4,0,0,Small Towns
21/06/2012,18.35.00,Yes,Collision with vehicle,REAR END(VEHICLES IN SAME LANE),No,Dark Street lights on,No,Cross intersection,Other injury accident,60 km/hr,145.0916,-37.87543,MONASH,METROPOLITAN SOUTH EAST REGION,3,1,0,0,1,2,2,1,0,1,2,0,0,0,0,0,0,0,0,1,No,0,2,0,2,0,0,Metropolitan Excluding CBD
21/06/2012,19.42.00,Yes,Collision with vehicle,RIGHT THROUGH,No,Dark Street lights on,Yes,T intersection,Other injury accident,60 km/hr,145.02985,-37.69347,WHITTLESEA,METROPOLITAN NORTH WEST REGION,3,1,0,0,1,2,2,1,0,1,2,0,0,0,0,0,0,0,0,1,No,0,2,0,2,0,0,Metropolitan Excluding CBD
21/06/2012,21.15.00,Yes,Struck animal,STRUCK ANIMAL,No,Dark Street lights on,Yes,T intersection,Other injury accident,50 km/hr,145.00446,-37.40097,MITCHELL,NORTHERN REGION,1,1,0,0,1,0,1,0,0,0,1,0,0,0,0,0,0,0,0,0,No,0,1,0,1,0,0,Other Towns
21/06/2012,18.20.00,Yes,Collision with vehicle,REAR END(VEHICLES IN SAME LANE),No,Dark Street lights on,Yes,T intersection,Other injury accident,70 km/hr,145.07594,-37.88613,STONNINGTON,METROPOLITAN SOUTH EAST REGION,4,1,0,0,1,3,3,1,0,2,2,0,0,0,0,0,0,0,0,1,No,0,2,0,2,0,0,Metropolitan Excluding CBD
21/06/2012,19.15.00,Yes,Collision with vehicle,HEAD ON (NOT OVERTAKING),No,Dark No street lights,Yes,Not at intersection,Serious injury accident,90 km/hr,144.58523,-38.15852,GEELONG,SOUTH WESTERN REGION,2,2,0,1,1,0,1,1,0,0,2,0,0,0,0,0,0,0,0,1,No,0,2,0,2,0,0,Country
21/06/2012,06.23.00,No,Collision with a fixed object,RIGHT OFF CARRIAGEWAY INTO OBJECT/PARKED VEHICLE,No,Dark Street lights on,Yes,T intersection,Serious injury accident,60 km/hr,146.87049,-36.10635,WODONGA,NORTH EASTERN REGION,1,1,0,1,0,0,1,0,0,0,1,0,0,0,0,0,0,0,0,0,No,1,1,0,1,0,0,Small Provincial Cities
21/06/2012,21.20.00,Yes,Collision with a fixed object,RIGHT OFF CARRIAGEWAY INTO OBJECT/PARKED VEHICLE,No,Dark No street lights,Yes,Not at intersection,Serious injury accident,100 km/hr,145.23687,-36.28659,SHEPPARTON,NORTH EASTERN REGION,1,1,0,1,0,0,0,1,0,0,1,0,0,0,0,0,0,0,0,1,No,0,1,0,1,0,0,Country
21/06/2012,20.49.00,Yes,collision with some other object,UNKNOWN-NO DETAILS ON MANOEUVRES OF ROAD-USERS IN ACCIDENT,Not known,Dark Street lights on,Yes,Cross intersection,Serious injury accident,50 km/hr,144.78336,-37.7361,BRIMBANK,METROPOLITAN NORTH WEST REGION,3,1,0,1,0,2,2,0,0,2,1,0,0,0,0,0,0,0,0,0,No,0,1,0,1,0,0,Metropolitan Excluding CBD
21/06/2012,21.56.00,Yes,Collision with a fixed object,LEFT OFF CARRIAGEWAY INTO OBJECT/PARKED VEHICLE,No,Dark Street lights on,Yes,Not at intersection,Serious injury accident,100 km/hr,145.1152,-37.79541,MANNINGHAM,METROPOLITAN SOUTH EAST REGION,1,1,0,1,0,0,1,0,0,0,1,0,0,0,0,0,0,0,0,0,No,0,1,0,1,0,0,Metropolitan Excluding CBD
21/06/2012,17.00.00,No,Vehicle overturned (no collision),OFF CARRIAGEWAY ON LEFT BEND,No,Dark No street lights,Yes,Not at intersection,Serious injury accident,100 km/hr,146.11449,-36.85733,BENALLA,NORTH EASTERN REGION,1,1,0,1,0,0,1,0,0,0,1,0,0,0,0,0,0,0,0,0,No,0,1,1,0,0,0,Country
21/06/2012,06.20.00,No,Vehicle overturned (no collision),OFF CARRIAGEWAY TO RIGHT,No,Dark No street lights,Yes,Not at intersection,Other injury accident,100 km/hr,142.04922,-36.73901,HORSHAM,WESTERN REGION,1,1,0,0,1,0,1,0,0,0,1,0,0,0,0,0,0,0,0,0,No,0,1,0,1,0,0,Country
21/06/2012,13.42.00,No,Struck Pedestrian,PED PLAYING/LYING/WORKING/STANDING ON CARRIAGEWAY.,Yes,Day,Yes,Not at intersection,Other injury accident,40 km/hr,144.8506,-37.66941,HUME,METROPOLITAN NORTH WEST REGION,2,1,0,0,1,1,2,0,0,0,1,1,0,0,0,0,0,0,0,0,No,0,1,0,1,0,0,Metropolitan Excluding CBD
21/06/2012,20.45.00,Yes,Collision with a fixed object,LEFT OFF CARRIAGEWAY INTO OBJECT/PARKED VEHICLE,No,Dark No street lights,Yes,Not at intersection,Other injury accident,100 km/hr,143.75073,-37.44663,BALLARAT,WESTERN REGION,2,2,0,0,2,0,1,1,0,1,1,0,0,0,0,0,0,0,0,0,No,0,1,0,1,0,0,Country
21/06/2012,17.35.00,No,Collision with vehicle,CROSS TRAFFIC(INTERSECTIONS ONLY),No,Dark Street lights on,Yes,Cross intersection,Other injury accident,70 km/hr,145.09004,-37.91008,MONASH,METROPOLITAN SOUTH EAST REGION,3,2,0,0,2,1,2,1,0,1,2,0,0,0,0,0,0,0,0,2,No,0,2,0,2,0,0,Metropolitan Excluding CBD
21/06/2012,17.20.00,No,Struck Pedestrian,FAR SIDE. PED HIT BY VEHICLE FROM THE LEFT,No,Day,No,Cross intersection,Serious injury accident,60 km/hr,145.04283,-37.74164,BANYULE,METROPOLITAN NORTH WEST REGION,2,1,0,1,0,1,0,1,0,0,0,1,0,0,1,0,0,0,0,0,No,0,1,0,0,0,0,Metropolitan Excluding CBD
21/06/2012,18.55.00,Yes,Struck Pedestrian,FAR SIDE. PED HIT BY VEHICLE FROM THE LEFT,No,Dark Street lights on,Yes,Cross intersection,Serious injury accident,60 km/hr,144.98348,-37.85347,PORT PHILLIP,METROPOLITAN NORTH WEST REGION,2,1,0,1,0,1,1,1,0,0,1,1,0,0,0,0,0,0,0,0,Yes,0,1,0,1,0,0,Metropolitan Excluding CBD
21/06/2012,18.30.00,Yes,Collision with vehicle,REVERSING IN STREAM OF TRAFFIC,No,Dark Street lights on,No,Not at intersection,Other injury accident,50 km/hr,144.94997,-37.83056,PORT PHILLIP,METROPOLITAN NORTH WEST REGION,2,1,0,0,1,1,1,1,0,0,2,0,0,0,0,0,0,0,0,0,No,0,2,1,1,0,0,Metropolitan Excluding CBD
21/06/2012,21.03.00,Yes,Collision with vehicle,REAR END(VEHICLES IN SAME LANE),No,Dark Street lights on,Yes,Not at intersection,Other injury accident,60 km/hr,144.91254,-37.77133,MOONEE VALLEY,METROPOLITAN NORTH WEST REGION,2,1,0,0,1,1,1,1,0,0,2,0,0,0,0,0,0,0,0,0,No,0,2,0,1,0,1,Metropolitan Excluding CBD
21/06/2012,14.20.00,No,Fall from or in moving vehicle,OUT OF CONTROL ON CARRIAGEWAY (ON STRAIGHT),No,Day,Yes,Not at intersection,Serious injury accident,80 km/hr,145.49824,-37.62354,YARRA RANGES,METROPOLITAN SOUTH EAST REGION,1,1,0,1,0,0,1,0,0,0,0,0,0,1,0,0,0,0,0,0,No,0,1,0,0,1,0,Other Towns