ACCIDENT_DATE,ACCIDENT_TIME,ALCOHOLTIME,ACCIDENT_TYPE,DCA_CODE,HIT_RUN_FLAG,LIGHT_CONDITION,POLICE_ATTEND,ROAD_GEOMETRY,SEVERITY,SPEED_ZONE,LONGITUDE,LATITUDE,LGA_NAME,REGION_NAME,TOTAL_PERSONS,INJ_OR_FATAL,FATALITY,SERIOUSINJURY,OTHERINJURY,NONINJURED,MALES,FEMALES,BICYCLIST,PASSENGER,DRIVER,PEDESTRIAN,PILLION,MOTORIST,UNKNOWN,PED_CYCLIST_5_12,PED_CYCLIST_13_18,OLD_PEDESTRIAN,OLD_DRIVER,YOUNG_DRIVER,ALCOHOL_RELATED,UNLICENCSED,NO_OF_VEHICLES,HEAVYVEHICLE,PASSENGERVEHICLE,MOTORCYCLE,PUBLICVEHICLE,DEG_URBAN_NAME
2/07/2012,11.30.00,No,Collision with vehicle,VEHICLE COLLIDES WITH VEHICLE PARKED ON LEFT OF ROAD,No,Day,Yes,T intersection,Other injury accident,60 km/hr,145.26597,-38.03197,CASEY,METROPOLITAN SOUTH EAST REGION,1,1,0,0,1,0,1,0,0,0,1,0,0,0,0,0,0,0,0,0,No,0,2,0,2,0,0,Metropolitan Excluding CBD
2/07/2012,07.05.00,No,Collision with vehicle,REAR END(VEHICLES IN SAME LANE),No,Dark Street lights on,Yes,Cross intersection,Other injury accident,80 km/hr,145.11295,-37.68897,NILLUMBIK,METROPOLITAN NORTH WEST REGION,3,1,0,0,1,2,3,0,0,1,2,0,0,0,0,0,0,0,0,1,No,0,2,0,2,0,0,Metropolitan Excluding CBD
2/07/2012,13.00.00,No,Collision with a fixed object,OFF RIGHT BEND INTO OBJECT/PARKED VEHICLE,No,Day,Yes,Not at intersection,Serious injury accident,100 km/hr,144.98625,-36.5226,CAMPASPE,NORTHERN REGION,1,1,0,1,0,0,1,0,0,0,1,0,0,0,0,0,0,0,0,0,No,0,1,0,1,0,0,Country
2/07/2012,16.32.00,No,Collision with vehicle,RIGHT NEAR (INTERSECTIONS ONLY),Yes,Day,No,T intersection,Other injury accident,60 km/hr,144.79168,-37.78165,BRIMBANK,METROPOLITAN NORTH WEST REGION,2,1,0,0,1,1,0,1,0,0,2,0,0,0,0,0,0,0,0,0,No,0,2,0,2,0,0,Metropolitan Excluding CBD
2/07/2012,12.25.00,No,Collision with a fixed object,RIGHT OFF CARRIAGEWAY INTO OBJECT/PARKED VEHICLE,No,Day,Yes,Multiple intersection,Other injury accident,80 km/hr,145.07162,-37.19454,MITCHELL,NORTHERN REGION,1,1,0,0,1,0,0,1,0,0,1,0,0,0,0,0,0,0,0,1,No,1,1,0,1,0,0,Country
2/07/2012,16.00.00,No,No collision and no object struck,OUT OF CONTROL (OVERTAKING),No,Dusk/Dawn,No,T intersection,Other injury accident,60 km/hr,144.9658,-37.76115,MORELAND,METROPOLITAN NORTH WEST REGION,1,1,0,0,1,0,0,1,0,0,0,0,0,1,0,0,0,0,0,0,No,0,1,0,0,1,0,Metropolitan Excluding CBD
2/07/2012,15.43.00,No,Collision with vehicle,VEHICLE COLLIDES WITH VEHICLE PARKED ON LEFT OF ROAD,No,Day,Yes,Not at intersection,Other injury accident,60 km/hr,145.00445,-37.92711,BAYSIDE,METROPOLITAN SOUTH EAST REGION,1,1,0,0,1,0,0,1,0,0,1,0,0,0,0,0,0,0,1,0,No,0,2,0,2,0,0,Metropolitan Excluding CBD
2/07/2012,15.53.00,No,Collision with vehicle,RIGHT THROUGH,No,Day,Yes,Cross intersection,Other injury accident,70 km/hr,145.2696,-37.81057,MAROONDAH,METROPOLITAN SOUTH EAST REGION,4,1,0,0,1,3,2,2,0,2,2,0,0,0,0,0,0,0,0,0,No,0,2,0,2,0,0,Metropolitan Excluding CBD
2/07/2012,18.55.00,Yes,Struck Pedestrian,PED NEAR SIDE. PED HIT BY VEHICLE FROM THE RIGHT.,No,Dark Street lights on,No,Cross intersection,Other injury accident,60 km/hr,144.94697,-37.80709,MELBOURNE,METROPOLITAN NORTH WEST REGION,3,2,0,0,2,1,2,1,0,0,1,2,0,0,0,0,0,0,0,0,No,0,1,0,1,0,0,Metropolitan Excluding CBD
2/07/2012,17.53.00,No,Collision with a fixed object,LEFT OFF CARRIAGEWAY INTO OBJECT/PARKED VEHICLE,No,Dark Street lights on,Yes,T intersection,Other injury accident,60 km/hr,145.13672,-37.69533,BANYULE,METROPOLITAN NORTH WEST REGION,2,2,0,0,2,0,0,2,0,1,1,0,0,0,0,0,0,0,0,0,No,0,1,0,1,0,0,Metropolitan Excluding CBD
2/07/2012,18.43.00,Yes,Struck Pedestrian,FAR SIDE. PED HIT BY VEHICLE FROM THE LEFT,No,Dark Street lights on,Yes,T intersection,Serious injury accident,60 km/hr,145.11965,-37.92549,MONASH,METROPOLITAN SOUTH EAST REGION,2,1,0,1,0,1,2,0,0,0,1,1,0,0,0,0,0,0,0,0,No,0,1,0,1,0,0,Metropolitan Excluding CBD
2/07/2012,13.00.00,No,Collision with a fixed object,RIGHT OFF CARRIAGEWAY INTO OBJECT/PARKED VEHICLE,No,Day,No,Not at intersection,Other injury accident,50 km/hr,144.21496,-36.76781,BENDIGO,NORTHERN REGION,1,1,0,0,1,0,1,0,0,0,1,0,0,0,0,0,0,0,0,0,No,0,1,0,1,0,0,Country
2/07/2012,19.40.00,Yes,Collision with vehicle,REAR END(VEHICLES IN SAME LANE),Yes,Dark Street lights on,Yes,Not at intersection,Serious injury accident,70 km/hr,145.04289,-37.90431,GLEN EIRA,METROPOLITAN SOUTH EAST REGION,2,1,0,1,0,1,1,0,0,0,1,0,0,1,0,0,0,0,0,0,No,0,2,0,1,1,0,Metropolitan Excluding CBD
2/07/2012,19.25.00,Yes,Collision with vehicle,CROSS TRAFFIC(INTERSECTIONS ONLY),No,Dark Street lights on,Yes,Cross intersection,Other injury accident,50 km/hr,144.97057,-37.75527,MORELAND,METROPOLITAN NORTH WEST REGION,3,1,0,0,1,2,3,0,0,1,2,0,0,0,0,0,0,0,0,0,No,0,2,0,2,0,0,Metropolitan Excluding CBD
2/07/2012,21.22.00,Yes,Struck Pedestrian,PED WALKING WITH TRAFFIC,No,Dark Street lights on,Yes,Cross intersection,Serious injury accident,50 km/hr,144.95528,-37.8154,MELBOURNE,METROPOLITAN NORTH WEST REGION,2,1,0,1,0,1,2,0,0,0,1,1,0,0,0,0,0,0,0,0,No,0,1,0,1,0,0,Metropolitan CBD Only
2/07/2012,19.35.00,Yes,Vehicle overturned (no collision),OFF CARRIAGEWAY TO RIGHT,No,Dark No street lights,Yes,Not at intersection,Other injury accident,70 km/hr,144.70311,-37.75691,MELTON,METROPOLITAN NORTH WEST REGION,2,2,0,0,2,0,2,0,0,1,1,0,0,0,0,0,0,0,0,0,No,0,1,0,1,0,0,Country
2/07/2012,22.50.00,Yes,Collision with vehicle,LANE SIDE SWIPE (VEHICLES IN PARALLEL LANES),Yes,Dark Street lights unknown,No,Not at intersection,Other injury accident,60 km/hr,144.95503,-37.83314,PORT PHILLIP,METROPOLITAN NORTH WEST REGION,2,1,0,0,1,1,2,0,1,0,1,0,0,0,0,0,0,0,0,0,No,0,2,0,1,0,0,Metropolitan Excluding CBD
2/07/2012,15.15.00,No,Collision with vehicle,CROSS TRAFFIC(INTERSECTIONS ONLY),No,Day,Yes,Cross intersection,Other injury accident,70 km/hr,145.01911,-37.65971,WHITTLESEA,METROPOLITAN NORTH WEST REGION,3,1,0,0,1,2,2,1,1,1,1,0,0,0,0,0,0,0,0,0,No,0,2,0,1,0,0,Metropolitan Excluding CBD
2/07/2012,18.40.00,Yes,Collision with vehicle,RIGHT THROUGH,No,Dark Street lights on,Yes,T intersection,Serious injury accident,70 km/hr,145.28914,-37.90061,KNOX,METROPOLITAN SOUTH EAST REGION,5,4,0,2,2,1,4,1,0,3,2,0,0,0,0,0,0,0,0,0,No,0,2,0,2,0,0,Metropolitan Excluding CBD
2/07/2012,03.20.00,Yes,Vehicle overturned (no collision),OFF CARRIAGEWAY TO LEFT,No,Dark No street lights,Yes,Not at intersection,Other injury accident,110 km/hr,145.10173,-37.03429,MITCHELL,NORTHERN REGION,1,1,0,0,1,0,1,0,0,0,1,0,0,0,0,0,0,0,0,1,No,0,1,1,0,0,0,Country
2/07/2012,13.50.00,No,Collision with a fixed object,OFF RIGHT BEND INTO OBJECT/PARKED VEHICLE,No,Day,Yes,Not at intersection,Other injury accident,60 km/hr,145.41174,-37.86343,YARRA RANGES,METROPOLITAN SOUTH EAST REGION,1,1,0,0,1,0,1,0,0,0,1,0,0,0,0,0,0,0,0,0,No,0,1,0,1,0,0,Metropolitan Excluding CBD
2/07/2012,18.15.00,Yes,Collision with vehicle,REAR END(VEHICLES IN SAME LANE),No,Dark Street lights on,Yes,Cross intersection,Other injury accident,80 km/hr,145.27334,-38.0063,CASEY,METROPOLITAN SOUTH EAST REGION,2,2,0,0,2,0,0,2,0,0,2,0,0,0,0,0,0,0,0,1,No,0,2,0,2,0,0,Metropolitan Excluding CBD
2/07/2012,06.36.00,No,Vehicle overturned (no collision),OUT OF CONTROL ON CARRIAGEWAY (ON STRAIGHT),No,Dark Street lights on,Yes,Not at intersection,Other injury accident,60 km/hr,144.91705,-37.77183,MOONEE VALLEY,METROPOLITAN NORTH WEST REGION,1,1,0,0,1,0,1,0,0,0,0,0,0,1,0,0,0,0,0,0,No,0,1,0,0,1,0,Metropolitan Excluding CBD
2/07/2012,17.45.00,No,Collision with vehicle,RIGHT NEAR (INTERSECTIONS ONLY),No,Dusk/Dawn,No,T intersection,Other injury accident,50 km/hr,144.97854,-37.85291,PORT PHILLIP,METROPOLITAN NORTH WEST REGION,2,1,0,0,1,1,0,2,0,0,2,0,0,0,0,0,0,0,0,0,No,0,2,0,2,0,0,Metropolitan Excluding CBD
2/07/2012,15.15.00,No,Struck animal,STRUCK ANIMAL,No,Day,No,Not at intersection,Other injury accident,Camping grounds or off road,146.62749,-37.86016,WELLINGTON,EASTERN REGION,1,1,0,0,1,0,1,0,0,0,0,0,0,1,0,0,0,0,0,0,No,0,1,0,0,1,0,Country
2/07/2012,06.45.00,No,Collision with vehicle,U TURN,No,Dusk/Dawn,No,Not at intersection,Other injury accident,60 km/hr,145.01889,-37.90288,BAYSIDE,METROPOLITAN SOUTH EAST REGION,2,1,0,0,1,1,2,0,0,0,2,0,0,0,0,0,0,0,0,0,No,0,2,0,2,0,0,Metropolitan Excluding CBD
2/07/2012,11.00.00,No,Vehicle overturned (no collision),OFF CARRIAGEWAY TO LEFT,No,Day,No,Not at intersection,Other injury accident,80 km/hr,145.2089,-37.94844,DANDENONG,METROPOLITAN SOUTH EAST REGION,1,1,0,0,1,0,1,0,0,0,0,0,0,1,0,0,0,0,0,0,No,0,1,0,0,1,0,Metropolitan Excluding CBD
2/07/2012,02.30.00,Yes,Collision with vehicle,REAR END(VEHICLES IN SAME LANE),No,Unk.,No,Cross intersection,Other injury accident,60 km/hr,144.77781,-37.71084,BRIMBANK,METROPOLITAN NORTH WEST REGION,3,2,0,0,2,1,1,2,0,1,2,0,0,0,0,0,0,0,0,0,No,0,2,0,2,0,0,Metropolitan Excluding CBD
2/07/2012,17.30.00,No,Collision with vehicle,RIGHT REAR.,No,Dusk/Dawn,Yes,T intersection,Other injury accident,60 km/hr,145.17536,-37.93547,DANDENONG,METROPOLITAN SOUTH EAST REGION,3,1,0,0,1,2,1,1,0,1,1,0,0,0,1,0,0,0,0,0,No,0,2,0,1,0,0,Metropolitan Excluding CBD
2/07/2012,22.50.00,Yes,Collision with vehicle,OTHER MANOEUVRING NOT INCLUDED IN DCAs 140-148,Yes,Dark Street lights on,Yes,Cross intersection,Other injury accident,40 km/hr,144.95618,-37.81737,MELBOURNE,METROPOLITAN NORTH WEST REGION,3,2,0,0,2,1,1,2,2,0,1,0,0,0,0,0,2,0,0,0,No,0,3,0,1,0,0,Metropolitan CBD Only
2/07/2012,12.18.00,No,Collision with vehicle,U TURN,No,Day,Yes,T intersection,Other injury accident,80 km/hr,146.40755,-38.23926,LATROBE,EASTERN REGION,2,1,0,0,1,1,0,2,0,0,2,0,0,0,0,0,0,0,0,0,No,0,2,0,2,0,0,Small Provincial Cities
2/07/2012,09.30.00,No,Collision with vehicle,REAR END(VEHICLES IN SAME LANE),No,Day,No,Cross intersection,Other injury accident,70 km/hr,145.14014,-37.91615,MONASH,METROPOLITAN SOUTH EAST REGION,2,1,0,0,1,1,1,1,0,0,2,0,0,0,0,0,0,0,0,0,No,0,2,0,2,0,0,Metropolitan Excluding CBD
3/07/2012,08.20.00,No,Collision with vehicle,RIGHT NEAR (INTERSECTIONS ONLY),No,Day,Yes,Cross intersection,Other injury accident,70 km/hr,144.67058,-37.86125,WYNDHAM,METROPOLITAN NORTH WEST REGION,5,2,0,0,2,3,0,4,0,3,2,0,0,0,0,0,0,0,0,0,No,0,2,0,2,0,0,Metropolitan Excluding CBD
3/07/2012,07.13.00,No,Collision with vehicle,HEAD ON(OVERTAKING),No,Dusk/Dawn,Yes,Not at intersection,Serious injury accident,90 km/hr,146.34449,-36.33236,WANGARATTA,NORTH EASTERN REGION,10,4,0,3,1,6,9,1,0,4,6,0,0,0,0,0,0,0,0,1,No,0,6,0,6,0,0,Country
3/07/2012,09.38.00,No,Vehicle overturned (no collision),OFF CARRIAGEWAY TO LEFT,No,Day,Yes,Not at intersection,Serious injury accident,100 km/hr,142.89766,-37.29102,ARARAT,WESTERN REGION,1,1,0,1,0,0,1,0,0,0,1,0,0,0,0,0,0,0,0,0,No,0,1,0,1,0,0,Country
3/07/2012,09.15.00,No,Collision with vehicle,CROSS TRAFFIC(INTERSECTIONS ONLY),No,Day,Yes,Cross intersection,Other injury accident,60 km/hr,145.07729,-37.89169,GLEN EIRA,METROPOLITAN SOUTH EAST REGION,3,1,0,0,1,2,3,0,0,0,3,0,0,0,0,0,0,0,0,1,No,0,3,0,2,0,0,Metropolitan Excluding CBD
3/07/2012,10.50.00,No,Collision with vehicle,RIGHT NEAR (INTERSECTIONS ONLY),No,Day,Yes,T intersection,Serious injury accident,100 km/hr,145.06666,-37.55304,WHITTLESEA,METROPOLITAN NORTH WEST REGION,2,1,0,1,0,1,1,1,0,0,2,0,0,0,0,0,0,0,0,0,No,0,2,0,2,0,0,Country
3/07/2012,10.20.00,No,Collision with vehicle,VEHICLE COLLIDES WITH VEHICLE PARKED ON LEFT OF ROAD,No,Day,Yes,Not at intersection,Serious injury accident,80 km/hr,144.89979,-37.73535,MOONEE VALLEY,METROPOLITAN NORTH WEST REGION,3,1,0,1,0,2,1,0,0,1,1,0,0,1,0,0,0,0,0,0,No,0,2,0,1,1,0,Metropolitan Excluding CBD
3/07/2012,14.00.00,No,Collision with vehicle,VEHICLE STRIKES DOOR OF PARKED/STATIONARY VEHICLE,No,Day,No,T intersection,Other injury accident,60 km/hr,144.98405,-37.86439,PORT PHILLIP,METROPOLITAN NORTH WEST REGION,2,1,0,0,1,1,2,0,1,0,1,0,0,0,0,0,0,0,0,0,No,0,2,0,1,0,0,Metropolitan Excluding CBD
3/07/2012,12.10.00,No,Collision with vehicle,RIGHT NEAR (INTERSECTIONS ONLY),No,Day,Yes,T intersection,Serious injury accident,60 km/hr,145.09428,-37.85792,BOROONDARA,METROPOLITAN SOUTH EAST REGION,3,1,0,1,0,2,1,2,0,1,2,0,0,0,0,0,0,0,1,0,No,0,2,0,2,0,0,Metropolitan Excluding CBD
3/07/2012,12.35.00,No,Collision with vehicle,HEAD ON (NOT OVERTAKING),No,Day,Yes,T intersection,Other injury accident,50 km/hr,145.13525,-37.95448,KINGSTON,METROPOLITAN SOUTH EAST REGION,2,2,0,0,2,0,1,1,0,0,2,0,0,0,0,0,0,0,0,0,No,0,2,0,2,0,0,Metropolitan Excluding CBD
3/07/2012,08.05.00,No,Struck Pedestrian,FAR SIDE. PED HIT BY VEHICLE FROM THE LEFT,No,Day,Yes,Not at intersection,Other injury accident,50 km/hr,144.94527,-37.73869,MORELAND,METROPOLITAN NORTH WEST REGION,2,1,0,0,1,1,1,1,0,0,1,1,0,0,0,0,0,1,0,0,No,0,1,0,1,0,0,Metropolitan Excluding CBD
3/07/2012,12.15.00,No,Struck Pedestrian,PED PLAYING/LYING/WORKING/STANDING ON CARRIAGEWAY.,Yes,Day,Yes,Not at intersection,Other injury accident,50 km/hr,144.99187,-37.81934,YARRA,METROPOLITAN NORTH WEST REGION,2,1,0,0,1,1,2,0,0,0,1,1,0,0,0,0,0,0,0,0,No,0,1,0,1,0,0,Metropolitan Excluding CBD
3/07/2012,11.05.00,No,Collision with a fixed object,RIGHT OFF CARRIAGEWAY INTO OBJECT/PARKED VEHICLE,No,Day,Yes,Not at intersection,Serious injury accident,100 km/hr,147.07351,-38.00473,WELLINGTON,EASTERN REGION,2,1,0,1,0,1,0,2,0,1,1,0,0,0,0,0,0,0,0,0,No,0,1,0,1,0,0,Country
3/07/2012,07.30.00,No,Collision with vehicle,REAR END(VEHICLES IN SAME LANE),No,Dusk/Dawn,No,Not at intersection,Other injury accident,100 km/hr,145.31052,-38.01929,CASEY,METROPOLITAN SOUTH EAST REGION,3,2,0,0,2,1,2,1,0,1,2,0,0,0,0,0,0,0,0,1,No,0,2,0,2,0,0,Metropolitan Excluding CBD
3/07/2012,14.45.00,No,Collision with vehicle,CROSS TRAFFIC(INTERSECTIONS ONLY),No,Day,Yes,Cross intersection,Other injury accident,50 km/hr,144.36116,-38.06943,GEELONG,SOUTH WESTERN REGION,3,3,0,0,3,0,1,2,0,1,2,0,0,0,0,0,0,0,0,0,No,0,2,0,2,0,0,Large Provincial Cities
3/07/2012,15.10.00,No,Collision with vehicle,CROSS TRAFFIC(INTERSECTIONS ONLY),No,Day,Yes,Cross intersection,Other injury accident,60 km/hr,144.35756,-38.16035,GEELONG,SOUTH WESTERN REGION,4,2,0,0,2,2,3,1,0,2,2,0,0,0,0,0,0,0,0,1,No,0,4,0,4,0,0,Large Provincial Cities
3/07/2012,15.00.00,No,Collision with vehicle,REAR END(VEHICLES IN SAME LANE),No,Day,Yes,Not at intersection,Other injury accident,80 km/hr,145.0737,-37.98249,KINGSTON,METROPOLITAN SOUTH EAST REGION,7,5,0,0,5,2,5,2,0,2,5,0,0,0,0,0,0,0,0,2,No,0,5,0,5,0,0,Metropolitan Excluding CBD
3/07/2012,15.30.00,No,Collision with vehicle,VEHICLE STRIKES ANOTHER VEH WHILE EMERGING FROM DRIVEWAY,No,Day,Yes,Not at intersection,Other injury accident,50 km/hr,146.90017,-36.12956,WODONGA,NORTH EASTERN REGION,2,1,0,0,1,1,1,1,1,0,1,0,0,0,0,1,0,0,0,0,No,0,2,0,1,0,0,Small Provincial Cities
3/07/2012,15.17.00,No,Struck Pedestrian,PED NEAR SIDE. PED HIT BY VEHICLE FROM THE RIGHT.,No,Day,Yes,Not at intersection,Serious injury accident,70 km/hr,145.03144,-37.67106,WHITTLESEA,METROPOLITAN NORTH WEST REGION,2,1,0,1,0,1,2,0,0,0,1,1,0,0,0,0,0,0,1,0,No,0,1,0,0,0,0,Metropolitan Excluding CBD
3/07/2012,12.40.00,No,Collision with vehicle,RIGHT REAR.,No,Day,Yes,T intersection,Other injury accident,60 km/hr,145.13999,-38.18249,FRANKSTON,METROPOLITAN SOUTH EAST REGION,2,1,0,0,1,1,2,0,0,0,2,0,0,0,0,0,0,0,0,0,No,0,2,0,2,0,0,Metropolitan Excluding CBD
3/07/2012,16.33.00,No,Collision with vehicle,CROSS TRAFFIC(INTERSECTIONS ONLY),No,Day,Yes,Cross intersection,Other injury accident,60 km/hr,145.40673,-36.38893,SHEPPARTON,NORTH EASTERN REGION,2,1,0,0,1,1,1,1,0,0,2,0,0,0,0,0,0,0,0,1,No,0,2,0,2,0,0,Small Provincial Cities
3/07/2012,15.10.00,No,Collision with vehicle,REAR END(VEHICLES IN SAME LANE),No,Day,Yes,T intersection,Other injury accident,60 km/hr,145.08132,-37.92966,GLEN EIRA,METROPOLITAN SOUTH EAST REGION,7,1,0,0,1,6,4,2,0,4,2,0,0,0,1,0,0,0,0,0,No,0,3,0,2,0,0,Metropolitan Excluding CBD
3/07/2012,17.30.00,No,Collision with vehicle,LANE CHANGE LEFT (NOT OVERTAKING),Yes,Dark Street lights on,Yes,T intersection,Other injury accident,60 km/hr,144.95766,-37.73328,MORELAND,METROPOLITAN NORTH WEST REGION,2,1,0,0,1,1,0,1,1,0,1,0,0,0,0,0,0,0,0,0,No,0,2,0,1,0,0,Metropolitan Excluding CBD
3/07/2012,17.45.00,No,Collision with vehicle,CROSS TRAFFIC(INTERSECTIONS ONLY),No,Dark Street lights on,No,Cross intersection,Other injury accident,50 km/hr,145.20588,-37.98319,DANDENONG,METROPOLITAN SOUTH EAST REGION,3,1,0,0,1,2,0,3,0,1,2,0,0,0,0,0,0,0,0,1,No,0,2,0,2,0,0,Metropolitan Excluding CBD
3/07/2012,18.01.00,Yes,Fall from or in moving vehicle,FELL IN/FROM VEHICLE,No,Dark Street lights on,Yes,Y intersection,Other injury accident,50 km/hr,145.06812,-37.62243,WHITTLESEA,METROPOLITAN NORTH WEST REGION,1,1,0,0,1,0,0,1,0,0,1,0,0,0,0,0,0,0,0,0,No,1,1,0,1,0,0,Metropolitan Excluding CBD
3/07/2012,18.45.00,Yes,Collision with a fixed object,LEFT OFF CARRIAGEWAY INTO OBJECT/PARKED VEHICLE,No,Dark No street lights,Yes,Not at intersection,Other injury accident,80 km/hr,145.05909,-37.68629,WHITTLESEA,METROPOLITAN NORTH WEST REGION,1,1,0,0,1,0,1,0,0,0,1,0,0,0,0,0,0,0,0,1,No,1,1,0,1,0,0,Metropolitan Excluding CBD
3/07/2012,17.25.00,No,Collision with a fixed object,LEFT OFF CARRIAGEWAY INTO OBJECT/PARKED VEHICLE,No,Day,Yes,Not at intersection,Serious injury accident,100 km/hr,141.75791,-38.22171,GLENELG,SOUTH WESTERN REGION,1,1,0,1,0,0,0,1,0,0,1,0,0,0,0,0,0,0,0,0,No,0,1,0,1,0,0,Country
3/07/2012,19.30.00,Yes,Struck Pedestrian,ANY MANOEUVRE INVOLVING PED NOT INCLUDED IN DCAs 100-108.,No,Dark Street lights on,No,T intersection,Other injury accident,60 km/hr,145.05509,-37.83986,BOROONDARA,METROPOLITAN SOUTH EAST REGION,2,1,0,0,1,1,1,1,0,0,1,1,0,0,0,0,0,0,0,0,No,0,1,0,1,0,0,Metropolitan Excluding CBD
3/07/2012,18.10.00,Yes,Collision with vehicle,CROSS TRAFFIC(INTERSECTIONS ONLY),No,Dark Street lights on,Yes,Cross intersection,Other injury accident,50 km/hr,145.22233,-37.9611,DANDENONG,METROPOLITAN SOUTH EAST REGION,2,1,0,0,1,1,2,0,0,0,2,0,0,0,0,0,0,0,0,0,No,0,2,0,2,0,0,Metropolitan Excluding CBD
3/07/2012,20.00.00,Yes,Collision with vehicle,RIGHT THROUGH,No,Dark Street lights on,Yes,T intersection,Other injury accident,80 km/hr,145.29377,-38.09299,CASEY,METROPOLITAN SOUTH EAST REGION,3,1,0,0,1,2,1,2,0,1,2,0,0,0,0,0,0,0,0,1,No,0,2,0,2,0,0,Metropolitan Excluding CBD
3/07/2012,20.30.00,Yes,Collision with vehicle,VEHICLE COLLIDES WITH VEHICLE PARKED ON LEFT OF ROAD,No,Dark No street lights,Yes,Not at intersection,Other injury accident,50 km/hr,145.11155,-37.92713,MONASH,METROPOLITAN SOUTH EAST REGION,1,1,0,0,1,0,0,1,0,0,1,0,0,0,0,0,0,0,0,0,No,1,3,0,3,0,0,Metropolitan Excluding CBD
3/07/2012,20.50.00,Yes,Collision with vehicle,RIGHT NEAR (INTERSECTIONS ONLY),No,Dark Street lights on,Yes,Multiple intersection,Other injury accident,60 km/hr,145.05281,-37.85269,STONNINGTON,METROPOLITAN SOUTH EAST REGION,4,1,0,0,1,3,3,1,0,1,3,0,0,0,0,0,0,0,1,0,No,0,3,0,3,0,0,Metropolitan Excluding CBD
3/07/2012,23.42.00,Yes,Collision with a fixed object,OFF RIGHT BEND INTO OBJECT/PARKED VEHICLE,No,Dark No street lights,Yes,Not at intersection,Other injury accident,50 km/hr,142.03245,-37.73278,SOUTHERN GRAMPIANS,SOUTH WESTERN REGION,1,1,0,0,1,0,0,1,0,0,1,0,0,0,0,0,0,0,0,1,Yes,1,1,0,1,0,0,Other Towns
3/07/2012,11.44.00,No,Collision with a fixed object,RIGHT OFF CARRIAGEWAY INTO OBJECT/PARKED VEHICLE,No,Day,Yes,Not at intersection,Serious injury accident,100 km/hr,147.26236,-38.18358,WELLINGTON,EASTERN REGION,1,1,0,1,0,0,1,0,0,0,1,0,0,0,0,0,0,0,1,0,No,0,1,0,1,0,0,Country
3/07/2012,14.45.00,No,Collision with vehicle,HEAD ON (NOT OVERTAKING),No,Day,Yes,Not at intersection,Other injury accident,60 km/hr,145.20092,-38.03802,DANDENONG,METROPOLITAN SOUTH EAST REGION,5,1,0,0,1,4,2,3,0,3,2,0,0,0,0,0,0,0,0,1,No,1,2,0,2,0,0,Metropolitan Excluding CBD
3/07/2012,21.00.00,Yes,Collision with vehicle,LEFT REAR,No,Dark Street lights on,No,Cross intersection,Other injury accident,Not known,145.02632,-37.64462,WHITTLESEA,METROPOLITAN NORTH WEST REGION,3,1,0,0,1,2,3,0,0,1,2,0,0,0,0,0,0,0,0,1,No,0,2,0,2,0,0,Metropolitan Excluding CBD
3/07/2012,18.00.00,Yes,Collision with vehicle,RIGHT THROUGH,No,Dark Street lights on,Yes,Cross intersection,Other injury accident,70 km/hr,145.12486,-37.78743,MANNINGHAM,METROPOLITAN SOUTH EAST REGION,3,2,0,0,2,1,1,2,0,1,2,0,0,0,0,0,0,0,0,1,No,1,2,0,2,0,0,Metropolitan Excluding CBD
3/07/2012,17.40.00,No,Collision with vehicle,REAR END(VEHICLES IN SAME LANE),No,Dark Street lights on,No,T intersection,Other injury accident,70 km/hr,144.84257,-37.77856,BRIMBANK,METROPOLITAN NORTH WEST REGION,2,1,0,0,1,1,1,1,0,0,2,0,0,0,0,0,0,0,0,1,No,0,2,0,2,0,0,Metropolitan Excluding CBD
3/07/2012,10.30.00,No,Collision with vehicle,LANE CHANGE RIGHT (NOT OVERTAKING),No,Day,No,Not at intersection,Serious injury accident,80 km/hr,144.79422,-37.77683,BRIMBANK,METROPOLITAN NORTH WEST REGION,2,1,0,1,0,1,2,0,0,0,2,0,0,0,0,0,0,0,0,1,No,0,2,1,1,0,0,Metropolitan Excluding CBD
3/07/2012,17.10.00,No,Collision with vehicle,REAR END(VEHICLES IN SAME LANE),No,Dusk/Dawn,No,Not at intersection,Other injury accident,60 km/hr,144.33701,-38.14556,GEELONG,SOUTH WESTERN REGION,6,2,0,0,2,4,1,5,0,4,2,0,0,0,0,0,0,0,0,0,No,0,2,0,2,0,0,Large Provincial Cities
3/07/2012,17.42.00,No,Collision with vehicle,RIGHT REAR.,No,Dark Street lights on,Yes,T intersection,Other injury accident,60 km/hr,145.03941,-37.75303,BANYULE,METROPOLITAN NORTH WEST REGION,3,1,0,0,1,2,2,1,0,0,3,0,0,0,0,0,0,0,1,0,No,0,3,0,3,0,0,Metropolitan Excluding CBD
3/07/2012,07.20.00,No,Collision with a fixed object,RIGHT OFF CARRIAGEWAY INTO OBJECT/PARKED VEHICLE,No,Day,No,Not at intersection,Serious injury accident,Not known,145.1242,-36.83523,STRATHBOGIE,NORTH EASTERN REGION,1,1,0,1,0,0,0,1,0,0,1,0,0,0,0,0,0,0,0,0,No,0,1,0,1,0,0,Country
3/07/2012,18.20.00,Yes,Collision with vehicle,LANE CHANGE LEFT (NOT OVERTAKING),No,Dusk/Dawn,Yes,Multiple intersection,Other injury accident,80 km/hr,145.32191,-38.0282,CASEY,METROPOLITAN SOUTH EAST REGION,2,1,0,0,1,1,1,1,0,0,2,0,0,0,0,0,0,0,0,0,No,0,2,0,2,0,0,Metropolitan Excluding CBD