ACCIDENT_DATE,ACCIDENT_TIME,ALCOHOLTIME,ACCIDENT_TYPE,DCA_CODE,HIT_RUN_FLAG,LIGHT_CONDITION,POLICE_ATTEND,ROAD_GEOMETRY,SEVERITY,SPEED_ZONE,LONGITUDE,LATITUDE,LGA_NAME,REGION_NAME,TOTAL_PERSONS,INJ_OR_FATAL,FATALITY,SERIOUSINJURY,OTHERINJURY,NONINJURED,MALES,FEMALES,BICYCLIST,PASSENGER,DRIVER,PEDESTRIAN,PILLION,MOTORIST,UNKNOWN,PED_CYCLIST_5_12,PED_CYCLIST_13_18,OLD_PEDESTRIAN,OLD_DRIVER,YOUNG_DRIVER,ALCOHOL_RELATED,UNLICENCSED,NO_OF_VEHICLES,HEAVYVEHICLE,PASSENGERVEHICLE,MOTORCYCLE,PUBLICVEHICLE,DEG_URBAN_NAME
6/08/2012,12.30.00,No,No collision and no object struck,OUT OF CONTROL ON CARRIAGEWAY (ON BEND),No,Day,No,Not at intersection,Other injury accident,Not known,145.12365,-37.36974,MITCHELL,NORTHERN REGION,1,1,0,0,1,0,1,0,0,0,0,0,0,1,0,0,0,0,0,0,No,0,1,0,0,1,0,Country
6/08/2012,12.10.00,No,Collision with vehicle,REAR END(VEHICLES IN SAME LANE),No,Day,No,Cross intersection,Other injury accident,70 km/hr,144.35069,-38.1576,GEELONG,SOUTH WESTERN REGION,2,1,0,0,1,1,1,1,0,0,2,0,0,0,0,0,0,0,0,0,No,0,2,0,2,0,0,Large Provincial Cities
6/08/2012,20.15.00,Yes,Fall from or in moving vehicle,OUT OF CONTROL ON CARRIAGEWAY (ON STRAIGHT),No,Dusk/Dawn,No,T intersection,Serious injury accident,50 km/hr,144.92843,-37.73975,MOONEE VALLEY,METROPOLITAN NORTH WEST REGION,1,1,0,1,0,0,1,0,0,0,0,0,0,1,0,0,0,0,0,0,No,0,1,0,0,1,0,Metropolitan Excluding CBD
6/08/2012,15.00.00,No,Collision with vehicle,RIGHT THROUGH,No,Day,Yes,Cross intersection,Other injury accident,60 km/hr,142.16589,-34.23142,MILDURA,WESTERN REGION,3,2,0,0,2,1,2,1,0,1,2,0,0,0,0,0,0,0,0,1,No,0,2,0,2,0,0,Small Provincial Cities
6/08/2012,16.00.00,No,Collision with vehicle,REAR END(VEHICLES IN SAME LANE),No,Day,No,Cross intersection,Other injury accident,80 km/hr,144.94081,-37.58413,HUME,METROPOLITAN NORTH WEST REGION,2,1,0,0,1,1,2,0,0,0,2,0,0,0,0,0,0,0,0,0,No,0,2,0,2,0,0,Metropolitan Excluding CBD
6/08/2012,08.00.00,No,Collision with vehicle,REAR END(VEHICLES IN SAME LANE),No,Day,No,T intersection,Other injury accident,80 km/hr,144.18714,-38.04665,GOLDEN PLAINS,SOUTH WESTERN REGION,2,1,0,0,1,1,1,1,0,0,2,0,0,0,0,0,0,0,0,1,No,0,2,0,2,0,0,Other Towns
6/08/2012,07.00.00,No,Collision with vehicle,RIGHT NEAR (INTERSECTIONS ONLY),No,Day,Yes,T intersection,Other injury accident,60 km/hr,145.167,-37.97207,DANDENONG,METROPOLITAN SOUTH EAST REGION,2,1,0,0,1,1,1,1,0,0,2,0,0,0,0,0,0,0,0,0,No,0,2,0,2,0,0,Metropolitan Excluding CBD
7/08/2012,07.00.00,No,Collision with vehicle,RIGHT THROUGH,No,Dusk/Dawn,Yes,Multiple intersection,Serious injury accident,60 km/hr,145.05892,-37.86004,STONNINGTON,METROPOLITAN SOUTH EAST REGION,2,1,0,1,0,1,2,0,1,0,1,0,0,0,0,0,0,0,0,0,No,0,2,0,1,0,0,Metropolitan Excluding CBD
7/08/2012,08.25.00,No,Collision with vehicle,RIGHT THROUGH,No,Day,Yes,T intersection,Serious injury accident,60 km/hr,144.99849,-37.85255,STONNINGTON,METROPOLITAN SOUTH EAST REGION,4,1,0,1,0,3,1,3,1,2,1,0,0,0,0,0,0,0,0,0,No,0,2,0,1,0,0,Metropolitan Excluding CBD
7/08/2012,09.00.00,No,Struck Pedestrian,PED NEAR SIDE. PED HIT BY VEHICLE FROM THE RIGHT.,No,Day,No,T intersection,Other injury accident,50 km/hr,144.83377,-37.78684,BRIMBANK,METROPOLITAN NORTH WEST REGION,2,1,0,0,1,1,0,1,0,0,0,1,0,0,1,0,0,1,0,0,No,0,1,0,0,0,0,Metropolitan Excluding CBD
7/08/2012,06.55.00,No,Collision with vehicle,VEHICLE OFF FOOTPATH STRIKES VEH ON CARRIAGEWAY,No,Dusk/Dawn,Yes,Cross intersection,Serious injury accident,80 km/hr,145.19795,-37.85857,WHITEHORSE,METROPOLITAN SOUTH EAST REGION,2,1,0,1,0,1,2,0,1,0,1,0,0,0,0,0,0,0,0,0,No,0,2,0,1,0,0,Metropolitan Excluding CBD
7/08/2012,08.23.00,No,Collision with vehicle,RIGHT NEAR (INTERSECTIONS ONLY),No,Day,Yes,Cross intersection,Other injury accident,50 km/hr,144.94059,-37.83441,PORT PHILLIP,METROPOLITAN NORTH WEST REGION,2,2,0,0,2,0,1,1,1,0,1,0,0,0,0,0,0,0,0,0,No,0,2,0,1,0,0,Metropolitan Excluding CBD
7/08/2012,09.10.00,No,Struck Pedestrian,FAR SIDE. PED HIT BY VEHICLE FROM THE LEFT,No,Day,Yes,Not at intersection,Other injury accident,50 km/hr,144.88202,-37.8426,HOBSONS BAY,METROPOLITAN NORTH WEST REGION,2,1,0,0,1,1,1,1,0,0,1,1,0,0,0,0,0,0,0,0,No,0,1,0,1,0,0,Metropolitan Excluding CBD
7/08/2012,08.50.00,No,Struck Pedestrian,PED NEAR SIDE. PED HIT BY VEHICLE FROM THE RIGHT.,No,Day,Yes,Cross intersection,Other injury accident,60 km/hr,145.13922,-37.77942,MANNINGHAM,METROPOLITAN SOUTH EAST REGION,3,2,0,0,2,1,1,2,0,0,1,2,0,0,0,0,2,0,1,0,No,0,1,0,1,0,0,Metropolitan Excluding CBD
7/08/2012,06.40.00,No,Struck Pedestrian,ANY MANOEUVRE INVOLVING PED NOT INCLUDED IN DCAs 100-108.,No,Dark Street lights on,No,T intersection,Serious injury accident,50 km/hr,145.11987,-37.9244,MONASH,METROPOLITAN SOUTH EAST REGION,2,2,0,1,1,0,0,2,0,0,1,1,0,0,0,0,0,0,0,0,No,0,1,0,1,0,0,Metropolitan Excluding CBD
7/08/2012,09.40.00,No,Collision with a fixed object,REVERSING INTO FIXED OBJECT/PARKED VEHICLE,No,Day,Yes,T intersection,Other injury accident,50 km/hr,145.16462,-37.84545,WHITEHORSE,METROPOLITAN SOUTH EAST REGION,1,1,0,0,1,0,1,0,0,0,1,0,0,0,0,0,0,0,1,0,No,0,1,0,1,0,0,Metropolitan Excluding CBD
7/08/2012,08.50.00,No,Collision with a fixed object,LEFT OFF CARRIAGEWAY INTO OBJECT/PARKED VEHICLE,Yes,Day,Yes,Not at intersection,Serious injury accident,60 km/hr,144.69264,-37.57659,HUME,METROPOLITAN NORTH WEST REGION,3,3,0,1,2,0,1,1,0,2,1,0,0,0,0,0,0,0,0,0,No,0,1,0,1,0,0,Country
7/08/2012,10.20.00,No,Struck Pedestrian,PED NEAR SIDE. PED HIT BY VEHICLE FROM THE RIGHT.,No,Day,Yes,T intersection,Serious injury accident,50 km/hr,145.0161,-37.67081,WHITTLESEA,METROPOLITAN NORTH WEST REGION,2,1,0,1,0,1,2,0,0,0,1,1,0,0,0,0,0,1,0,0,No,1,1,0,1,0,0,Metropolitan Excluding CBD
7/08/2012,08.00.00,No,Collision with vehicle,REAR END(VEHICLES IN SAME LANE),No,Day,Yes,Not at intersection,Other injury accident,60 km/hr,144.69131,-37.833,WYNDHAM,METROPOLITAN NORTH WEST REGION,3,1,0,0,1,2,1,2,0,0,3,0,0,0,0,0,0,0,0,1,No,0,3,0,3,0,0,Country
7/08/2012,12.30.00,No,Collision with vehicle,HEAD ON (NOT OVERTAKING),No,Day,Yes,Not at intersection,Serious injury accident,50 km/hr,144.80209,-37.74799,BRIMBANK,METROPOLITAN NORTH WEST REGION,6,1,0,1,0,5,5,1,0,2,4,0,0,0,0,0,0,0,0,0,No,0,4,0,4,0,0,Metropolitan Excluding CBD
7/08/2012,13.50.00,No,collision with some other object,STRUCK OBJECT ON CARRIAGEWAY,No,Day,Yes,T intersection,Other injury accident,80 km/hr,143.71263,-38.72048,COLAC OTWAY,SOUTH WESTERN REGION,1,1,0,0,1,0,0,1,0,0,1,0,0,0,0,0,0,0,1,0,No,0,1,0,1,0,0,Country
7/08/2012,15.30.00,No,Collision with vehicle,VEHICLE OFF FOOTPATH STRIKES VEH ON CARRIAGEWAY,No,Day,Yes,Cross intersection,Serious injury accident,60 km/hr,145.08628,-37.90313,MONASH,METROPOLITAN SOUTH EAST REGION,3,1,0,1,0,2,0,2,1,1,1,0,0,0,0,0,0,0,0,0,No,0,2,0,1,0,0,Metropolitan Excluding CBD
7/08/2012,16.31.00,No,Collision with vehicle,RIGHT NEAR (INTERSECTIONS ONLY),No,Day,Yes,T intersection,Other injury accident,50 km/hr,145.16922,-37.98365,DANDENONG,METROPOLITAN SOUTH EAST REGION,4,1,0,0,1,3,2,2,0,2,2,0,0,0,0,0,0,0,0,1,No,0,2,0,2,0,0,Metropolitan Excluding CBD
7/08/2012,18.06.00,Yes,Struck Pedestrian,PED NEAR SIDE. PED HIT BY VEHICLE FROM THE RIGHT.,Yes,Dark Street lights on,Yes,Cross intersection,Other injury accident,40 km/hr,144.96533,-37.74858,MORELAND,METROPOLITAN NORTH WEST REGION,3,2,0,0,2,1,0,2,0,0,0,2,0,0,1,1,0,0,0,0,No,0,1,0,0,0,0,Metropolitan Excluding CBD
7/08/2012,18.15.00,Yes,Collision with vehicle,RIGHT NEAR (INTERSECTIONS ONLY),No,Dark Street lights on,Yes,Cross intersection,Other injury accident,60 km/hr,145.02227,-37.74448,DAREBIN,METROPOLITAN NORTH WEST REGION,2,1,0,0,1,1,2,0,0,0,1,0,0,1,0,0,0,0,0,1,No,0,2,0,1,1,0,Metropolitan Excluding CBD
7/08/2012,18.50.00,Yes,Struck Pedestrian,PED NEAR SIDE. PED HIT BY VEHICLE FROM THE RIGHT.,No,Dark Street lights on,Yes,T intersection,Other injury accident,50 km/hr,145.06448,-37.90058,GLEN EIRA,METROPOLITAN SOUTH EAST REGION,2,2,0,0,2,0,2,0,0,0,1,1,0,0,0,0,0,0,0,1,No,0,1,0,1,0,0,Metropolitan Excluding CBD
7/08/2012,18.24.00,Yes,Collision with vehicle,RIGHT THROUGH,No,Dark Street lights on,Yes,Cross intersection,Other injury accident,60 km/hr,145.15491,-38.19489,MORNINGTON PENINSULA,METROPOLITAN SOUTH EAST REGION,3,1,0,0,1,2,2,1,0,1,2,0,0,0,0,0,0,0,0,2,No,0,2,0,2,0,0,Metropolitan Excluding CBD
7/08/2012,18.17.00,Yes,Collision with vehicle,RIGHT NEAR (INTERSECTIONS ONLY),No,Dark Street lights on,Yes,T intersection,Other injury accident,50 km/hr,144.21531,-37.05585,MOUNT ALEXANDER,NORTHERN REGION,2,1,0,0,1,1,2,0,1,0,1,0,0,0,0,0,0,0,0,0,No,0,2,0,1,0,0,Other Towns
7/08/2012,19.50.00,Yes,Collision with vehicle,HEAD ON (NOT OVERTAKING),No,Dark No street lights,Yes,Not at intersection,Other injury accident,100 km/hr,145.29341,-38.13098,CASEY,METROPOLITAN SOUTH EAST REGION,2,1,0,0,1,1,0,2,0,0,2,0,0,0,0,0,0,0,1,0,No,0,2,0,2,0,0,Metropolitan Excluding CBD
7/08/2012,17.30.00,No,Collision with vehicle,OTHER ADJACENT (INTERSECTIONS ONLY),No,Day,Yes,T intersection,Fatal accident,60 km/hr,144.41539,-38.16957,GEELONG,SOUTH WESTERN REGION,2,1,1,0,0,1,2,0,0,0,1,0,0,1,0,0,0,0,0,0,No,0,2,0,1,1,0,Large Provincial Cities
7/08/2012,07.20.00,No,Collision with vehicle,REAR END(VEHICLES IN SAME LANE),No,Day,No,Cross intersection,Other injury accident,Not known,144.75097,-37.81046,BRIMBANK,METROPOLITAN NORTH WEST REGION,3,1,0,0,1,2,3,0,0,0,3,0,0,0,0,0,0,0,0,0,No,0,3,0,3,0,0,Metropolitan Excluding CBD
7/08/2012,22.10.00,Yes,Collision with vehicle,VEHICLE COLLIDES WITH VEHICLE PARKED ON LEFT OF ROAD,Yes,Dark Street lights on,Yes,Not at intersection,Other injury accident,50 km/hr,145.25172,-38.02983,CASEY,METROPOLITAN SOUTH EAST REGION,2,1,0,0,1,1,1,1,0,1,1,0,0,0,0,0,0,0,0,0,No,0,2,0,2,0,0,Metropolitan Excluding CBD
7/08/2012,23.20.00,Yes,Struck animal,STRUCK ANIMAL,No,Dark No street lights,Yes,Not at intersection,Other injury accident,100 km/hr,141.21002,-37.0113,WEST WIMMERA,WESTERN REGION,4,1,0,0,1,3,3,1,0,3,1,0,0,0,0,0,0,0,0,0,No,0,1,0,1,0,0,Country
7/08/2012,06.45.00,No,Collision with vehicle,LEFT NEAR (INTERSECTIONS ONLY),No,Dusk/Dawn,No,T intersection,Other injury accident,70 km/hr,145.15554,-37.83992,WHITEHORSE,METROPOLITAN SOUTH EAST REGION,2,1,0,0,1,1,1,1,1,0,1,0,0,0,0,0,0,0,0,0,No,0,2,0,1,0,0,Metropolitan Excluding CBD
7/08/2012,18.00.00,Yes,Collision with vehicle,RIGHT THROUGH,No,Dusk/Dawn,No,T intersection,Other injury accident,60 km/hr,145.05734,-37.98758,KINGSTON,METROPOLITAN SOUTH EAST REGION,2,1,0,0,1,1,2,0,1,0,1,0,0,0,0,0,0,0,0,0,No,0,2,0,1,0,0,Metropolitan Excluding CBD
7/08/2012,23.30.00,Yes,Collision with a fixed object,LEFT OFF CARRIAGEWAY INTO OBJECT/PARKED VEHICLE,No,Dark No street lights,Yes,Not at intersection,Serious injury accident,80 km/hr,144.25906,-38.33343,SURF COAST,SOUTH WESTERN REGION,1,1,0,1,0,0,1,0,0,0,1,0,0,0,0,0,0,0,0,0,No,0,1,0,1,0,0,Country
7/08/2012,15.40.00,No,Collision with vehicle,VEHICLE STRIKES DOOR OF PARKED/STATIONARY VEHICLE,No,Day,Yes,Not at intersection,Other injury accident,40 km/hr,145.40692,-36.38795,SHEPPARTON,NORTH EASTERN REGION,5,1,0,0,1,4,5,0,0,3,2,0,0,0,0,0,0,0,0,1,No,0,2,0,2,0,0,Small Provincial Cities
7/08/2012,15.00.00,No,Collision with vehicle,CROSS TRAFFIC(INTERSECTIONS ONLY),No,Unk.,No,Cross intersection,Other injury accident,60 km/hr,144.75522,-37.71067,MELTON,METROPOLITAN NORTH WEST REGION,4,1,0,0,1,3,0,2,0,2,2,0,0,0,0,0,0,0,0,0,No,0,2,0,2,0,0,Metropolitan Excluding CBD
7/08/2012,15.10.00,No,Collision with vehicle,REAR END(VEHICLES IN SAME LANE),No,Day,Yes,Cross intersection,Other injury accident,70 km/hr,145.01054,-37.8601,STONNINGTON,METROPOLITAN SOUTH EAST REGION,5,1,0,0,1,4,2,3,0,0,5,0,0,0,0,0,0,0,1,0,No,0,5,0,5,0,0,Metropolitan Excluding CBD
7/08/2012,08.45.00,No,Collision with vehicle,REAR END(VEHICLES IN SAME LANE),No,Day,No,Not at intersection,Other injury accident,100 km/hr,145.24988,-38.01299,DANDENONG,METROPOLITAN SOUTH EAST REGION,3,1,0,0,1,2,1,2,0,0,3,0,0,0,0,0,0,0,0,0,No,0,3,0,3,0,0,Metropolitan Excluding CBD
8/08/2012,01.40.00,Yes,collision with some other object,STRUCK OBJECT ON CARRIAGEWAY,No,Dark No street lights,Yes,Not at intersection,Serious injury accident,80 km/hr,145.34871,-37.95468,YARRA RANGES,METROPOLITAN SOUTH EAST REGION,1,1,0,1,0,0,0,1,0,0,1,0,0,0,0,0,0,0,0,0,No,0,1,0,1,0,0,Country
8/08/2012,00.55.00,Yes,Struck animal,STRUCK ANIMAL,No,Dark No street lights,Yes,Not at intersection,Serious injury accident,70 km/hr,146.52751,-38.24852,LATROBE,EASTERN REGION,1,1,0,1,0,0,1,0,1,0,0,0,0,0,0,0,0,0,0,0,No,0,1,0,0,0,0,Country
8/08/2012,08.35.00,No,Collision with vehicle,LANE CHANGE LEFT (NOT OVERTAKING),No,Day,No,T intersection,Other injury accident,60 km/hr,144.97822,-37.84358,MELBOURNE,METROPOLITAN NORTH WEST REGION,2,1,0,0,1,1,2,0,1,0,1,0,0,0,0,0,0,0,0,0,No,0,2,0,1,0,0,Metropolitan Excluding CBD
8/08/2012,08.30.00,No,Collision with vehicle,LEFT REAR,No,Day,Yes,Cross intersection,Other injury accident,60 km/hr,144.95479,-37.66725,HUME,METROPOLITAN NORTH WEST REGION,2,2,0,0,2,0,0,2,0,0,2,0,0,0,0,0,0,0,0,0,No,0,2,0,2,0,0,Metropolitan Excluding CBD
8/08/2012,06.25.00,No,Collision with vehicle,LANE CHANGE LEFT (NOT OVERTAKING),No,Dark Street lights on,Yes,Not at intersection,Other injury accident,80 km/hr,144.95012,-37.82674,MELBOURNE,METROPOLITAN NORTH WEST REGION,2,1,0,0,1,1,2,0,0,0,2,0,0,0,0,0,0,0,0,0,No,0,2,1,1,0,0,Metropolitan Excluding CBD
8/08/2012,11.30.00,No,Collision with vehicle,REAR END(VEHICLES IN SAME LANE),No,Day,No,Cross intersection,Other injury accident,Not known,145.09821,-37.83598,BOROONDARA,METROPOLITAN SOUTH EAST REGION,2,1,0,0,1,1,1,1,0,0,2,0,0,0,0,0,0,0,0,1,No,0,2,0,2,0,0,Metropolitan Excluding CBD
8/08/2012,11.55.00,No,Collision with vehicle,RIGHT THROUGH,No,Day,Yes,T intersection,Other injury accident,60 km/hr,145.13706,-37.94012,KINGSTON,METROPOLITAN SOUTH EAST REGION,2,1,0,0,1,1,1,1,0,0,2,0,0,0,0,0,0,0,1,0,No,0,2,0,2,0,0,Metropolitan Excluding CBD
8/08/2012,13.00.00,No,Struck Pedestrian,ANY MANOEUVRE INVOLVING PED NOT INCLUDED IN DCAs 100-108.,No,Day,Yes,Not at intersection,Other injury accident,60 km/hr,145.21664,-37.98514,DANDENONG,METROPOLITAN SOUTH EAST REGION,2,1,0,0,1,1,0,2,0,0,1,1,0,0,0,0,0,0,0,0,No,0,1,0,1,0,0,Metropolitan Excluding CBD
8/08/2012,13.00.00,No,Collision with vehicle,LEFT OFF CARRIAGEWAY INTO OBJECT/PARKED VEHICLE,No,Day,Yes,Cross intersection,Other injury accident,60 km/hr,143.86062,-37.56855,BALLARAT,WESTERN REGION,3,1,0,0,1,2,2,1,0,1,2,0,0,0,0,0,0,0,0,1,No,0,2,0,2,0,0,Large Provincial Cities
8/08/2012,12.45.00,No,Collision with vehicle,HEAD ON (NOT OVERTAKING),No,Day,Yes,Not at intersection,Serious injury accident,60 km/hr,144.94929,-37.28548,MITCHELL,NORTHERN REGION,2,1,0,1,0,1,1,1,0,0,2,0,0,0,0,0,0,0,0,0,No,0,2,1,1,0,0,Other Towns
8/08/2012,13.45.00,No,Collision with vehicle,CROSS TRAFFIC(INTERSECTIONS ONLY),No,Day,Yes,Cross intersection,Other injury accident,60 km/hr,144.56755,-37.68758,MELTON,METROPOLITAN NORTH WEST REGION,4,1,0,0,1,3,2,2,0,2,2,0,0,0,0,0,0,0,0,0,No,0,2,0,2,0,0,Small Provincial Cities
8/08/2012,11.25.00,No,Collision with vehicle,RIGHT REAR.,No,Unk.,No,T intersection,Other injury accident,Not known,144.55914,-37.84082,WYNDHAM,METROPOLITAN NORTH WEST REGION,2,1,0,0,1,1,1,1,0,0,2,0,0,0,0,0,0,0,0,0,No,0,2,0,2,0,0,Country
8/08/2012,14.20.00,No,Struck Pedestrian,PED NEAR SIDE. PED HIT BY VEHICLE FROM THE RIGHT.,No,Day,Yes,Not at intersection,Serious injury accident,60 km/hr,144.75727,-37.88126,HOBSONS BAY,METROPOLITAN NORTH WEST REGION,2,1,0,1,0,1,1,1,0,0,1,1,0,0,0,0,0,1,0,0,No,0,1,0,1,0,0,Metropolitan Excluding CBD
8/08/2012,13.40.00,No,Struck Pedestrian,PED NEAR SIDE. PED HIT BY VEHICLE FROM THE RIGHT.,No,Day,Yes,Not at intersection,Serious injury accident,60 km/hr,144.91641,-37.78234,MELBOURNE,METROPOLITAN NORTH WEST REGION,2,1,0,1,0,1,2,0,0,0,1,1,0,0,0,0,0,0,0,0,No,0,1,0,1,0,0,Metropolitan Excluding CBD
8/08/2012,14.15.00,No,Collision with a fixed object,LEFT OFF CARRIAGEWAY INTO OBJECT/PARKED VEHICLE,No,Day,Yes,Cross intersection,Serious injury accident,60 km/hr,144.89233,-37.73733,MOONEE VALLEY,METROPOLITAN NORTH WEST REGION,1,1,0,1,0,0,1,0,0,0,1,0,0,0,0,0,0,0,0,1,No,0,1,0,1,0,0,Metropolitan Excluding CBD
8/08/2012,14.45.00,No,Collision with a fixed object,LEFT OFF CARRIAGEWAY INTO OBJECT/PARKED VEHICLE,No,Day,Yes,Not at intersection,Other injury accident,70 km/hr,145.00057,-37.68358,WHITTLESEA,METROPOLITAN NORTH WEST REGION,1,1,0,0,1,0,1,0,0,0,1,0,0,0,0,0,0,0,0,0,No,0,1,0,1,0,0,Metropolitan Excluding CBD
8/08/2012,15.55.00,No,Collision with vehicle,REAR END(VEHICLES IN SAME LANE),No,Day,Yes,T intersection,Other injury accident,60 km/hr,145.28882,-37.89007,KNOX,METROPOLITAN SOUTH EAST REGION,5,2,0,0,2,3,2,2,0,1,4,0,0,0,0,0,0,0,0,1,No,0,4,0,4,0,0,Metropolitan Excluding CBD
8/08/2012,16.38.00,No,Collision with vehicle,HEAD ON (NOT OVERTAKING),No,Day,Yes,Not at intersection,Other injury accident,60 km/hr,147.12544,-36.97383,(MOUNT HOTHAM),NORTH EASTERN REGION,4,1,0,0,1,3,3,1,0,2,2,0,0,0,0,0,0,0,0,1,No,0,2,0,2,0,0,Small Towns
8/08/2012,15.55.00,No,Collision with vehicle,RIGHT REAR.,No,Day,Yes,T intersection,Other injury accident,60 km/hr,145.33573,-37.91633,YARRA RANGES,METROPOLITAN SOUTH EAST REGION,6,2,0,0,2,4,2,4,0,4,2,0,0,0,0,0,0,0,0,0,No,0,2,0,2,0,0,Metropolitan Excluding CBD
8/08/2012,17.00.00,No,Collision with vehicle,CROSS TRAFFIC(INTERSECTIONS ONLY),No,Dusk/Dawn,Yes,Cross intersection,Other injury accident,100 km/hr,144.23642,-36.95573,MOUNT ALEXANDER,NORTHERN REGION,2,1,0,0,1,1,2,0,0,0,2,0,0,0,0,0,0,0,1,0,No,0,2,0,2,0,0,Country
8/08/2012,16.10.00,No,Collision with vehicle,HEAD ON (NOT OVERTAKING),No,Day,Yes,Not at intersection,Serious injury accident,100 km/hr,145.02333,-37.41647,MITCHELL,NORTHERN REGION,2,1,0,1,0,1,1,1,0,0,2,0,0,0,0,0,0,0,0,0,No,0,2,1,1,0,0,Country
8/08/2012,17.20.00,No,No collision and no object struck,PARKED CAR RUN AWAY,No,Day,Yes,Not at intersection,Other injury accident,Not known,145.22351,-37.80565,MAROONDAH,METROPOLITAN SOUTH EAST REGION,2,1,0,0,1,1,0,2,0,1,1,0,0,0,0,0,0,0,0,0,No,0,1,0,1,0,0,Metropolitan Excluding CBD
8/08/2012,18.06.00,Yes,Collision with vehicle,HEAD ON (NOT OVERTAKING),No,Dark Street lights on,Yes,Not at intersection,Fatal accident,80 km/hr,144.96417,-37.40477,MITCHELL,NORTHERN REGION,2,1,1,0,0,1,2,0,0,0,2,0,0,0,0,0,0,0,0,0,No,0,2,1,1,0,0,Other Towns
8/08/2012,15.05.00,No,Collision with vehicle,RIGHT NEAR (INTERSECTIONS ONLY),No,Day,Yes,Cross intersection,Serious injury accident,100 km/hr,147.66043,-37.89804,EAST GIPPSLAND,EASTERN REGION,2,2,0,2,0,0,1,1,0,0,2,0,0,0,0,0,0,0,0,1,No,0,2,0,2,0,0,Country
8/08/2012,20.48.00,Yes,Collision with vehicle,RIGHT NEAR (INTERSECTIONS ONLY),No,Dark Street lights on,Yes,T intersection,Other injury accident,70 km/hr,145.17577,-37.82004,WHITEHORSE,METROPOLITAN SOUTH EAST REGION,2,2,0,0,2,0,1,1,0,0,2,0,0,0,0,0,0,0,0,2,No,0,2,0,2,0,0,Metropolitan Excluding CBD
8/08/2012,18.15.00,Yes,Collision with vehicle,HEAD ON (NOT OVERTAKING),No,Dark No street lights,Yes,Not at intersection,Serious injury accident,100 km/hr,144.38764,-37.85673,GEELONG,SOUTH WESTERN REGION,2,2,0,2,0,0,0,2,0,0,2,0,0,0,0,0,0,0,0,1,No,0,2,0,2,0,0,Country
8/08/2012,19.45.00,Yes,Collision with a fixed object,LEFT OFF CARRIAGEWAY INTO OBJECT/PARKED VEHICLE,No,Dark No street lights,Yes,Not at intersection,Other injury accident,80 km/hr,144.3998,-37.90298,GEELONG,SOUTH WESTERN REGION,2,2,0,0,2,0,1,1,0,1,1,0,0,0,0,0,0,0,0,1,No,0,1,0,1,0,0,Country
8/08/2012,22.20.00,Yes,Collision with vehicle,LANE CHANGE RIGHT (NOT OVERTAKING),No,Dark No street lights,No,T intersection,Other injury accident,80 km/hr,144.943,-37.59742,HUME,METROPOLITAN NORTH WEST REGION,2,1,0,0,1,1,2,0,1,0,1,0,0,0,0,0,0,0,0,0,No,0,2,0,1,0,0,Metropolitan Excluding CBD
8/08/2012,05.45.00,Yes,Collision with a fixed object,LEFT OFF CARRIAGEWAY INTO OBJECT/PARKED VEHICLE,No,Dusk/Dawn,Yes,Not at intersection,Serious injury accident,100 km/hr,146.88005,-38.11303,WELLINGTON,EASTERN REGION,2,2,0,2,0,0,2,0,0,1,1,0,0,0,0,0,0,0,0,1,No,0,1,0,1,0,0,Country
8/08/2012,14.45.00,No,Collision with vehicle,U TURN,No,Day,Yes,Not at intersection,Serious injury accident,60 km/hr,147.64417,-37.82382,EAST GIPPSLAND,EASTERN REGION,4,3,0,1,2,1,2,2,0,2,2,0,0,0,0,0,0,0,0,0,No,0,2,0,2,0,0,Small Provincial Cities
8/08/2012,14.40.00,No,No collision and no object struck,OUT OF CONTROL ON CARRIAGEWAY (ON STRAIGHT),No,Day,No,Cross intersection,Other injury accident,50 km/hr,144.9709,-37.83495,PORT PHILLIP,METROPOLITAN NORTH WEST REGION,1,1,0,0,1,0,1,0,0,0,0,0,0,1,0,0,0,0,0,0,No,0,1,0,0,1,0,Metropolitan Excluding CBD
8/08/2012,17.20.00,No,Collision with vehicle,RIGHT THROUGH,No,Dusk/Dawn,Yes,T intersection,Serious injury accident,60 km/hr,144.95493,-37.80848,MELBOURNE,METROPOLITAN NORTH WEST REGION,3,1,0,1,0,2,2,1,0,1,1,0,0,1,0,0,0,0,0,0,No,0,2,0,1,1,0,Metropolitan Excluding CBD
8/08/2012,09.50.00,No,Collision with vehicle,RIGHT THROUGH,No,Day,Yes,T intersection,Other injury accident,100 km/hr,145.4318,-36.04062,MOIRA,NORTH EASTERN REGION,5,2,0,0,2,3,3,2,0,3,2,0,0,0,0,0,0,0,1,0,No,0,2,0,2,0,0,Country
8/08/2012,13.00.00,No,Collision with vehicle,LEFT FAR (INTERSECTIONS ONLY),No,Day,No,Cross intersection,Serious injury accident,60 km/hr,144.98604,-37.84582,STONNINGTON,METROPOLITAN SOUTH EAST REGION,2,1,0,1,0,1,1,1,1,0,1,0,0,0,0,0,0,0,0,0,No,0,2,0,1,0,0,Metropolitan Excluding CBD
8/08/2012,11.45.00,No,Collision with vehicle,TWO RIGHT TURNING (INTERSECTIONS ONLY),No,Day,No,Cross intersection,Other injury accident,60 km/hr,143.84116,-37.59874,BALLARAT,WESTERN REGION,2,1,0,0,1,1,2,0,0,0,2,0,0,0,0,0,0,0,0,0,No,0,2,1,1,0,0,Large Provincial Cities