ACCIDENT_DATE,ACCIDENT_TIME,ALCOHOLTIME,ACCIDENT_TYPE,DCA_CODE,HIT_RUN_FLAG,LIGHT_CONDITION,POLICE_ATTEND,ROAD_GEOMETRY,SEVERITY,SPEED_ZONE,LONGITUDE,LATITUDE,LGA_NAME,REGION_NAME,TOTAL_PERSONS,INJ_OR_FATAL,FATALITY,SERIOUSINJURY,OTHERINJURY,NONINJURED,MALES,FEMALES,BICYCLIST,PASSENGER,DRIVER,PEDESTRIAN,PILLION,MOTORIST,UNKNOWN,PED_CYCLIST_5_12,PED_CYCLIST_13_18,OLD_PEDESTRIAN,OLD_DRIVER,YOUNG_DRIVER,ALCOHOL_RELATED,UNLICENCSED,NO_OF_VEHICLES,HEAVYVEHICLE,PASSENGERVEHICLE,MOTORCYCLE,PUBLICVEHICLE,DEG_URBAN_NAME
7/11/2012,12.15.00,No,Collision with vehicle,REAR END(VEHICLES IN SAME LANE),No,Day,Yes,Cross intersection,Other injury accident,70 km/hr,145.12445,-37.77771,MANNINGHAM,METROPOLITAN SOUTH EAST REGION,5,1,0,0,1,4,2,3,0,1,4,0,0,0,0,0,0,0,0,1,No,0,4,0,4,0,0,Metropolitan Excluding CBD
7/11/2012,10.24.00,No,Collision with vehicle,LEFT TURN SIDESWIPE,No,Day,Yes,T intersection,Serious injury accident,50 km/hr,144.3459,-38.17207,GEELONG,SOUTH WESTERN REGION,4,1,0,1,0,3,3,1,1,2,1,0,0,0,0,0,0,0,0,0,No,0,2,0,1,0,0,Large Provincial Cities
7/11/2012,13.38.00,No,Struck Pedestrian,PED NEAR SIDE. PED HIT BY VEHICLE FROM THE RIGHT.,No,Day,Yes,Cross intersection,Other injury accident,50 km/hr,144.34056,-38.15049,GEELONG,SOUTH WESTERN REGION,2,1,0,0,1,1,1,1,0,0,1,1,0,0,0,0,0,0,0,0,No,0,1,0,1,0,0,Large Provincial Cities
7/11/2012,11.50.00,No,Collision with vehicle,LEFT TURN SIDESWIPE,No,Day,No,T intersection,Other injury accident,Not known,145.00722,-37.84089,STONNINGTON,METROPOLITAN SOUTH EAST REGION,2,1,0,0,1,1,2,0,0,0,2,0,0,0,0,0,0,0,0,1,No,0,2,0,1,0,0,Metropolitan Excluding CBD
7/11/2012,13.00.00,No,Collision with vehicle,RIGHT THROUGH,No,Day,Yes,T intersection,Other injury accident,80 km/hr,145.0923,-37.69522,BANYULE,METROPOLITAN NORTH WEST REGION,5,2,0,0,2,3,2,3,0,3,2,0,0,0,0,0,0,0,0,0,No,0,2,0,2,0,0,Metropolitan Excluding CBD
7/11/2012,09.08.00,No,Collision with vehicle,CROSS TRAFFIC(INTERSECTIONS ONLY),No,Day,Yes,Cross intersection,Serious injury accident,80 km/hr,145.25757,-38.05052,CASEY,METROPOLITAN SOUTH EAST REGION,6,1,0,1,0,5,5,1,0,4,2,0,0,0,0,0,0,0,0,0,No,0,2,0,2,0,0,Metropolitan Excluding CBD
7/11/2012,11.20.00,No,Collision with vehicle,LANE CHANGE LEFT (NOT OVERTAKING),No,Day,Yes,Not at intersection,Serious injury accident,70 km/hr,145.01039,-37.86008,STONNINGTON,METROPOLITAN SOUTH EAST REGION,6,1,0,1,0,5,5,1,0,0,6,0,0,0,0,0,0,0,0,1,No,0,6,1,5,0,0,Metropolitan Excluding CBD
7/11/2012,12.25.00,No,Struck Pedestrian,PED NEAR SIDE. PED HIT BY VEHICLE FROM THE RIGHT.,Yes,Day,Yes,Not at intersection,Serious injury accident,50 km/hr,144.33639,-38.11594,GEELONG,SOUTH WESTERN REGION,3,1,0,1,0,2,1,1,0,0,2,1,0,0,0,0,0,1,0,0,No,0,2,0,2,0,0,Large Provincial Cities
7/11/2012,11.40.00,No,Collision with vehicle,VEHICLE STRIKES ANOTHER VEH WHILE EMERGING FROM DRIVEWAY,No,Day,Yes,Not at intersection,Serious injury accident,100 km/hr,141.26363,-38.13893,GLENELG,SOUTH WESTERN REGION,2,1,0,1,0,1,1,1,0,0,1,0,0,1,0,0,0,0,0,0,No,0,2,0,1,1,0,Country
7/11/2012,13.48.00,No,Collision with vehicle,REAR END(VEHICLES IN SAME LANE),No,Day,Yes,T intersection,Other injury accident,70 km/hr,144.96231,-37.71487,MORELAND,METROPOLITAN NORTH WEST REGION,2,1,0,0,1,1,1,1,0,0,2,0,0,0,0,0,0,0,0,1,No,0,3,0,2,0,0,Metropolitan Excluding CBD
7/11/2012,16.18.00,No,Collision with vehicle,RIGHT THROUGH,No,Day,Yes,Not at intersection,Serious injury accident,40 km/hr,145.00328,-37.74271,DAREBIN,METROPOLITAN NORTH WEST REGION,2,1,0,1,0,1,2,0,0,0,1,0,0,1,0,0,0,0,0,0,No,0,2,0,1,1,0,Metropolitan Excluding CBD
7/11/2012,15.25.00,No,Collision with vehicle,CROSS TRAFFIC(INTERSECTIONS ONLY),No,Day,Yes,Cross intersection,Other injury accident,60 km/hr,145.03766,-37.88888,GLEN EIRA,METROPOLITAN SOUTH EAST REGION,3,1,0,0,1,2,2,1,0,1,2,0,0,0,0,0,0,0,0,0,No,0,2,0,2,0,0,Metropolitan Excluding CBD
7/11/2012,16.00.00,No,Struck Pedestrian,PED ON FOOTHPATH STRUCK BY VEHENTERING/LEAVING DRIVEWAY.,No,Day,Yes,Not at intersection,Other injury accident,50 km/hr,145.23039,-36.44331,SHEPPARTON,NORTH EASTERN REGION,2,1,0,0,1,1,1,1,0,0,1,1,0,0,0,0,0,1,0,0,No,0,1,0,1,0,0,Other Towns
7/11/2012,16.08.00,No,Collision with vehicle,RIGHT REAR.,No,Day,Yes,T intersection,Serious injury accident,60 km/hr,145.11006,-37.70692,BANYULE,METROPOLITAN NORTH WEST REGION,2,1,0,1,0,1,1,1,0,0,2,0,0,0,0,0,0,0,0,0,No,0,2,0,2,0,0,Metropolitan Excluding CBD
7/11/2012,17.30.00,No,Collision with vehicle,REAR END(VEHICLES IN SAME LANE),No,Day,Yes,Not at intersection,Other injury accident,70 km/hr,144.7507,-36.13858,CAMPASPE,NORTHERN REGION,4,2,0,0,2,2,1,3,0,1,3,0,0,0,0,0,0,0,0,0,No,0,3,0,3,0,0,Small Provincial Cities
7/11/2012,18.00.00,Yes,Collision with vehicle,RIGHT THROUGH,No,Day,Yes,Cross intersection,Serious injury accident,50 km/hr,144.34492,-38.15859,GEELONG,SOUTH WESTERN REGION,2,1,0,1,0,1,1,1,0,0,2,0,0,0,0,0,0,0,0,1,No,0,2,0,2,0,0,Large Provincial Cities
7/11/2012,18.30.00,Yes,Collision with a fixed object,OFF LEFT BEND INTO OBJECT/PARKED VEHICLE,No,Day,Yes,Not at intersection,Serious injury accident,70 km/hr,145.40209,-37.91746,YARRA RANGES,METROPOLITAN SOUTH EAST REGION,1,1,0,1,0,0,1,0,0,0,1,0,0,0,0,0,0,0,0,0,No,0,1,0,1,0,0,Metropolitan Excluding CBD
7/11/2012,15.25.00,No,Struck Pedestrian,PED NEAR SIDE. PED HIT BY VEHICLE FROM THE RIGHT.,No,Day,Yes,Not at intersection,Serious injury accident,50 km/hr,144.94536,-37.72068,MORELAND,METROPOLITAN NORTH WEST REGION,2,1,0,1,0,1,1,1,0,0,1,1,0,0,0,1,0,0,0,0,No,0,1,0,1,0,0,Metropolitan Excluding CBD
7/11/2012,15.15.00,No,Collision with vehicle,LANE CHANGE LEFT (NOT OVERTAKING),No,Day,Yes,Cross intersection,Other injury accident,40 km/hr,144.96135,-37.77156,MORELAND,METROPOLITAN NORTH WEST REGION,2,1,0,0,1,1,2,0,1,0,1,0,0,0,0,0,0,0,0,0,No,0,2,0,1,0,0,Metropolitan Excluding CBD
7/11/2012,13.40.00,No,Collision with vehicle,REAR END(VEHICLES IN SAME LANE),No,Day,Yes,T intersection,Other injury accident,80 km/hr,145.03714,-38.24832,MORNINGTON PENINSULA,METROPOLITAN SOUTH EAST REGION,5,1,0,0,1,4,3,2,0,2,3,0,0,0,0,0,0,0,0,0,No,0,3,0,3,0,0,Metropolitan Excluding CBD
7/11/2012,12.00.00,No,Collision with vehicle,CROSS TRAFFIC(INTERSECTIONS ONLY),No,Day,Yes,Cross intersection,Serious injury accident,60 km/hr,145.96131,-37.92894,BAW BAW,EASTERN REGION,2,1,0,1,0,1,1,1,0,0,2,0,0,0,0,0,0,0,0,0,No,0,2,1,1,0,0,Country
7/11/2012,18.30.00,Yes,Collision with vehicle,REAR END(VEHICLES IN SAME LANE),No,Dusk/Dawn,No,Not at intersection,Other injury accident,70 km/hr,144.94508,-37.77525,MORELAND,METROPOLITAN NORTH WEST REGION,2,1,0,0,1,1,1,1,0,0,2,0,0,0,0,0,0,0,0,2,No,0,2,0,2,0,0,Metropolitan Excluding CBD
7/11/2012,16.50.00,No,Collision with vehicle,ENTERING PARKING,No,Day,Yes,Not at intersection,Other injury accident,50 km/hr,144.96078,-37.80147,MELBOURNE,METROPOLITAN NORTH WEST REGION,2,1,0,0,1,1,1,1,0,0,1,0,0,1,0,0,0,0,0,0,No,0,3,0,2,1,0,Metropolitan Excluding CBD
7/11/2012,17.00.00,No,Struck animal,STRUCK ANIMAL,No,Day,No,Not at intersection,Other injury accident,80 km/hr,144.86454,-37.63284,HUME,METROPOLITAN NORTH WEST REGION,1,1,0,0,1,0,1,0,0,0,1,0,0,0,0,0,0,0,0,0,No,0,1,0,1,0,0,Country
8/11/2012,00.02.00,Yes,Collision with a fixed object,LEFT OFF CARRIAGEWAY INTO OBJECT/PARKED VEHICLE,No,Dark Street lights on,Yes,Not at intersection,Fatal accident,80 km/hr,144.92407,-37.66092,HUME,METROPOLITAN NORTH WEST REGION,6,5,3,2,0,1,4,2,0,5,1,0,0,0,0,0,0,0,0,0,No,0,1,0,1,0,0,Metropolitan Excluding CBD
8/11/2012,06.45.00,No,Collision with vehicle,LEFT NEAR (INTERSECTIONS ONLY),No,Day,Yes,T intersection,Other injury accident,80 km/hr,147.95768,-37.86945,EAST GIPPSLAND,EASTERN REGION,2,2,0,0,2,0,1,1,0,0,2,0,0,0,0,0,0,0,0,0,No,0,2,0,2,0,0,Other Towns
8/11/2012,08.30.00,No,Collision with vehicle,VEHICLE OFF FOOTPATH STRIKES VEH ON CARRIAGEWAY,No,Day,Yes,T intersection,Serious injury accident,70 km/hr,145.05578,-38.24878,MORNINGTON PENINSULA,METROPOLITAN SOUTH EAST REGION,2,1,0,1,0,1,1,1,1,0,1,0,0,0,0,1,0,0,0,0,No,0,2,0,1,0,0,Metropolitan Excluding CBD
8/11/2012,06.00.00,Yes,Collision with vehicle,VEHICLE STRIKES ANOTHER VEH WHILE EMERGING FROM DRIVEWAY,No,Dark Street lights on,Yes,Not at intersection,Serious injury accident,50 km/hr,145.14145,-37.99052,KINGSTON,METROPOLITAN SOUTH EAST REGION,2,1,0,1,0,1,2,0,1,0,1,0,0,0,0,0,0,0,0,1,No,0,2,0,1,0,0,Metropolitan Excluding CBD
8/11/2012,08.30.00,No,Collision with vehicle,HEAD ON (NOT OVERTAKING),No,Day,Yes,Not at intersection,Other injury accident,60 km/hr,145.04616,-37.20522,MITCHELL,NORTHERN REGION,4,1,0,0,1,3,4,0,1,2,1,0,0,0,0,1,0,0,0,0,No,0,2,0,1,0,0,Other Towns
8/11/2012,10.00.00,No,Collision with vehicle,RIGHT THROUGH,No,Day,Yes,T intersection,Serious injury accident,80 km/hr,144.95461,-37.66322,HUME,METROPOLITAN NORTH WEST REGION,2,2,0,1,1,0,2,0,0,0,2,0,0,0,0,0,0,0,0,0,No,0,3,0,1,0,0,Metropolitan Excluding CBD
8/11/2012,08.55.00,No,Collision with vehicle,RIGHT THROUGH,No,Day,Yes,T intersection,Other injury accident,80 km/hr,145.28795,-37.81709,MAROONDAH,METROPOLITAN SOUTH EAST REGION,2,1,0,0,1,1,1,1,0,0,2,0,0,0,0,0,0,0,0,0,No,0,2,0,2,0,0,Metropolitan Excluding CBD
8/11/2012,10.20.00,No,Collision with vehicle,RIGHT NEAR (INTERSECTIONS ONLY),No,Day,Yes,T intersection,Other injury accident,60 km/hr,144.89029,-37.78704,MARIBYRNONG,METROPOLITAN NORTH WEST REGION,2,1,0,0,1,1,1,1,0,0,2,0,0,0,0,0,0,0,1,0,No,0,2,0,2,0,0,Metropolitan Excluding CBD
8/11/2012,12.14.00,No,Collision with vehicle,LEFT REAR,No,Day,Yes,Not at intersection,Serious injury accident,60 km/hr,144.97437,-37.75959,MORELAND,METROPOLITAN NORTH WEST REGION,2,1,0,1,0,1,2,0,0,0,1,0,0,1,0,0,0,0,0,1,No,1,2,0,1,1,0,Metropolitan Excluding CBD
8/11/2012,09.05.00,No,Collision with vehicle,REAR END(VEHICLES IN SAME LANE),No,Day,Yes,Cross intersection,Other injury accident,60 km/hr,146.54121,-38.19648,LATROBE,EASTERN REGION,2,1,0,0,1,1,1,1,0,0,2,0,0,0,0,0,0,0,0,0,No,0,2,0,2,0,0,Small Provincial Cities
8/11/2012,08.00.00,No,Collision with vehicle,HEAD ON (NOT OVERTAKING),No,Day,Yes,Not at intersection,Serious injury accident,50 km/hr,145.21226,-37.95312,DANDENONG,METROPOLITAN SOUTH EAST REGION,3,3,0,2,1,0,1,0,0,1,2,0,0,0,0,0,0,0,0,0,No,0,2,0,2,0,0,Metropolitan Excluding CBD
8/11/2012,09.15.00,No,Collision with vehicle,HEAD ON (NOT OVERTAKING),No,Day,Yes,Not at intersection,Other injury accident,90 km/hr,145.50832,-37.98908,CARDINIA,METROPOLITAN SOUTH EAST REGION,2,2,0,0,2,0,2,0,0,0,2,0,0,0,0,0,0,0,0,1,No,0,2,0,2,0,0,Country
8/11/2012,09.30.00,No,Collision with vehicle,LEFT NEAR (INTERSECTIONS ONLY),No,Day,Yes,T intersection,Serious injury accident,60 km/hr,145.12948,-38.10894,FRANKSTON,METROPOLITAN SOUTH EAST REGION,2,2,0,1,1,0,0,2,0,0,2,0,0,0,0,0,0,0,0,0,No,0,2,0,2,0,0,Metropolitan Excluding CBD
8/11/2012,09.00.00,No,Collision with vehicle,LEFT TURN SIDESWIPE,No,Day,Yes,T intersection,Other injury accident,80 km/hr,144.95083,-37.64329,HUME,METROPOLITAN NORTH WEST REGION,2,1,0,0,1,1,2,0,1,0,1,0,0,0,0,0,0,0,0,0,No,0,2,1,0,0,0,Metropolitan Excluding CBD
8/11/2012,14.50.00,No,Collision with vehicle,RIGHT THROUGH,No,Day,No,Cross intersection,Other injury accident,60 km/hr,145.02584,-37.64852,WHITTLESEA,METROPOLITAN NORTH WEST REGION,2,1,0,0,1,1,0,2,0,0,2,0,0,0,0,0,0,0,0,0,No,0,2,0,2,0,0,Metropolitan Excluding CBD
8/11/2012,09.00.00,No,Collision with a fixed object,OFF LEFT BEND INTO OBJECT/PARKED VEHICLE,No,Day,Yes,Not at intersection,Serious injury accident,100 km/hr,145.79046,-38.23452,BAW BAW,EASTERN REGION,1,1,0,1,0,0,1,0,0,0,1,0,0,0,0,0,0,0,0,0,No,0,1,0,1,0,0,Country
8/11/2012,06.45.00,No,Collision with vehicle,REAR END(VEHICLES IN SAME LANE),No,Day,No,Cross intersection,Other injury accident,60 km/hr,144.88213,-37.82027,MARIBYRNONG,METROPOLITAN NORTH WEST REGION,2,1,0,0,1,1,2,0,0,0,2,0,0,0,0,0,0,0,0,0,No,0,2,0,2,0,0,Metropolitan Excluding CBD
8/11/2012,16.00.00,No,Collision with vehicle,RIGHT NEAR (INTERSECTIONS ONLY),No,Day,Yes,T intersection,Other injury accident,70 km/hr,145.03152,-38.30291,MORNINGTON PENINSULA,METROPOLITAN SOUTH EAST REGION,2,2,0,0,2,0,0,2,0,0,2,0,0,0,0,0,0,0,1,0,No,0,2,0,1,0,1,Country
8/11/2012,16.30.00,No,Collision with vehicle,VEHICLE OFF FOOTPATH STRIKES VEH ON CARRIAGEWAY,No,Day,Yes,T intersection,Other injury accident,70 km/hr,145.01695,-37.7466,DAREBIN,METROPOLITAN NORTH WEST REGION,2,1,0,0,1,1,2,0,1,0,1,0,0,0,0,0,0,0,0,0,No,0,2,0,1,0,0,Metropolitan Excluding CBD
8/11/2012,17.13.00,No,Collision with vehicle,LANE CHANGE LEFT (NOT OVERTAKING),Yes,Day,Yes,Not at intersection,Serious injury accident,100 km/hr,144.78799,-37.78925,BRIMBANK,METROPOLITAN NORTH WEST REGION,2,1,0,1,0,1,0,1,0,0,1,0,0,0,1,0,0,0,0,0,No,0,2,0,1,0,0,Metropolitan Excluding CBD
8/11/2012,19.15.00,Yes,Struck animal,STRUCK ANIMAL,No,Day,Yes,Not at intersection,Serious injury accident,50 km/hr,144.46521,-37.25237,MACEDON RANGES,NORTHERN REGION,1,1,0,1,0,0,1,0,0,0,0,0,0,1,0,0,0,0,0,0,No,0,1,0,0,1,0,Other Towns
8/11/2012,23.25.00,Yes,Vehicle overturned (no collision),OUT OF CONTROL ON CARRIAGEWAY (ON STRAIGHT),No,Dark Street lights on,Yes,T intersection,Serious injury accident,50 km/hr,145.14161,-37.95549,DANDENONG,METROPOLITAN SOUTH EAST REGION,4,2,0,1,1,2,2,2,0,3,1,0,0,0,0,0,0,0,0,1,No,0,1,0,1,0,0,Metropolitan Excluding CBD
8/11/2012,15.00.00,No,Struck Pedestrian,PED ON FOOTHPATH STRUCK BY VEHENTERING/LEAVING DRIVEWAY.,No,Day,Yes,Cross intersection,Other injury accident,50 km/hr,144.85305,-37.72276,BRIMBANK,METROPOLITAN NORTH WEST REGION,2,1,0,0,1,1,0,2,0,0,1,1,0,0,0,0,0,1,0,0,No,0,1,0,1,0,0,Metropolitan Excluding CBD
8/11/2012,16.20.00,No,Collision with vehicle,REAR END(VEHICLES IN SAME LANE),No,Day,No,Cross intersection,Other injury accident,80 km/hr,145.27559,-37.88321,KNOX,METROPOLITAN SOUTH EAST REGION,3,1,0,0,1,2,2,1,0,0,3,0,0,0,0,0,0,0,0,0,No,0,3,0,3,0,0,Metropolitan Excluding CBD
8/11/2012,12.00.00,No,No collision and no object struck,OUT OF CONTROL ON CARRIAGEWAY (ON STRAIGHT),No,Day,No,Not at intersection,Other injury accident,60 km/hr,144.81521,-37.76074,BRIMBANK,METROPOLITAN NORTH WEST REGION,1,1,0,0,1,0,0,1,0,0,0,0,0,1,0,0,0,0,0,0,No,0,1,0,0,1,0,Metropolitan Excluding CBD
8/11/2012,15.36.00,No,Collision with vehicle,REAR END(VEHICLES IN SAME LANE),No,Day,No,Not at intersection,Other injury accident,60 km/hr,144.72117,-37.57008,HUME,METROPOLITAN NORTH WEST REGION,2,1,0,0,1,1,2,0,0,0,2,0,0,0,0,0,0,0,0,0,No,0,2,0,2,0,0,Small Provincial Cities
8/11/2012,12.10.00,No,Collision with vehicle,RIGHT THROUGH,No,Day,Yes,Cross intersection,Other injury accident,Not known,145.14236,-38.11006,FRANKSTON,METROPOLITAN SOUTH EAST REGION,2,1,0,0,1,1,0,2,0,0,2,0,0,0,0,0,0,0,0,0,No,0,2,0,2,0,0,Metropolitan Excluding CBD
8/11/2012,20.00.00,Yes,Struck animal,STRUCK ANIMAL,No,Dark No street lights,No,Not at intersection,Serious injury accident,100 km/hr,144.63625,-37.46018,MACEDON RANGES,NORTHERN REGION,1,1,0,1,0,0,1,0,0,0,0,0,0,1,0,0,0,0,0,0,No,0,1,0,0,1,0,Country
8/11/2012,14.15.00,No,Collision with vehicle,CROSS TRAFFIC(INTERSECTIONS ONLY),No,Day,No,Cross intersection,Other injury accident,60 km/hr,145.07032,-37.98764,KINGSTON,METROPOLITAN SOUTH EAST REGION,2,1,0,0,1,1,1,1,1,0,1,0,0,0,0,0,0,0,1,0,No,0,2,0,1,0,0,Metropolitan Excluding CBD
8/11/2012,15.00.00,No,Collision with vehicle,REAR END(VEHICLES IN SAME LANE),No,Day,No,T intersection,Serious injury accident,50 km/hr,144.26565,-36.74213,BENDIGO,NORTHERN REGION,2,1,0,1,0,1,0,2,0,0,2,0,0,0,0,0,0,0,1,0,No,0,2,0,2,0,0,Large Provincial Cities
8/11/2012,17.40.00,No,Collision with vehicle,VEHICLE STRIKES ANOTHER VEH WHILE EMERGING FROM DRIVEWAY,No,Day,No,Cross intersection,Other injury accident,60 km/hr,145.07405,-37.81197,BOROONDARA,METROPOLITAN SOUTH EAST REGION,2,1,0,0,1,1,0,2,0,0,2,0,0,0,0,0,0,0,0,0,No,0,2,0,2,0,0,Metropolitan Excluding CBD
8/11/2012,17.05.00,No,Collision with a fixed object,RIGHT OFF CARRIAGEWAY INTO OBJECT/PARKED VEHICLE,No,Day,Yes,Not at intersection,Serious injury accident,70 km/hr,145.31246,-37.73564,YARRA RANGES,METROPOLITAN SOUTH EAST REGION,1,1,0,1,0,0,0,1,0,0,1,0,0,0,0,0,0,0,0,1,No,0,1,0,1,0,0,Country
8/11/2012,17.00.00,No,No collision and no object struck,OUT OF CONTROL ON CARRIAGEWAY (ON STRAIGHT),No,Day,No,Not at intersection,Other injury accident,Not known,144.63288,-37.22277,MACEDON RANGES,NORTHERN REGION,1,1,0,0,1,0,1,0,0,0,0,0,0,1,0,0,0,0,0,0,No,0,1,0,0,1,0,Country
8/11/2012,17.30.00,No,Collision with vehicle,REAR END(VEHICLES IN SAME LANE),No,Day,No,Not at intersection,Other injury accident,80 km/hr,144.82155,-37.75964,BRIMBANK,METROPOLITAN NORTH WEST REGION,3,1,0,0,1,2,2,1,0,0,3,0,0,0,0,0,0,0,0,0,No,0,3,0,3,0,0,Metropolitan Excluding CBD
8/11/2012,08.50.00,No,Collision with vehicle,RIGHT REAR.,No,Day,No,T intersection,Other injury accident,70 km/hr,145.21183,-37.98263,DANDENONG,METROPOLITAN SOUTH EAST REGION,2,1,0,0,1,1,2,0,0,0,2,0,0,0,0,0,0,0,0,0,No,0,2,0,2,0,0,Metropolitan Excluding CBD
8/11/2012,17.00.00,No,Collision with vehicle,RIGHT REAR.,No,Day,No,Cross intersection,Other injury accident,60 km/hr,144.70315,-36.91684,BENDIGO,NORTHERN REGION,4,1,0,0,1,3,3,1,0,2,2,0,0,0,0,0,0,0,1,1,No,0,2,0,2,0,0,Other Towns
9/11/2012,00.32.00,Yes,No collision and no object struck,OUT OF CONTROL ON CARRIAGEWAY (ON STRAIGHT),No,Dark Street lights on,Yes,Cross intersection,Other injury accident,40 km/hr,144.99793,-37.82569,YARRA,METROPOLITAN NORTH WEST REGION,1,1,0,0,1,0,0,1,1,0,0,0,0,0,0,0,0,0,0,0,No,0,1,0,0,0,0,Metropolitan Excluding CBD
9/11/2012,07.10.00,No,Collision with vehicle,CROSS TRAFFIC(INTERSECTIONS ONLY),No,Day,Yes,Cross intersection,Other injury accident,80 km/hr,145.43181,-36.37759,SHEPPARTON,NORTH EASTERN REGION,2,1,0,0,1,1,1,1,0,0,2,0,0,0,0,0,0,0,0,1,No,0,2,0,2,0,0,Small Provincial Cities
9/11/2012,07.23.00,No,Collision with vehicle,RIGHT THROUGH,No,Day,Yes,Cross intersection,Serious injury accident,60 km/hr,145.21019,-37.99146,DANDENONG,METROPOLITAN SOUTH EAST REGION,3,2,0,1,1,1,3,0,0,1,2,0,0,0,0,0,0,0,0,0,No,0,2,0,2,0,0,Metropolitan Excluding CBD
9/11/2012,08.00.00,No,Collision with vehicle,REAR END(VEHICLES IN SAME LANE),No,Day,Yes,Cross intersection,Other injury accident,80 km/hr,145.08502,-37.71099,BANYULE,METROPOLITAN NORTH WEST REGION,3,1,0,0,1,2,1,2,0,0,3,0,0,0,0,0,0,0,0,1,No,0,3,0,3,0,0,Metropolitan Excluding CBD
9/11/2012,11.30.00,No,Collision with a fixed object,RIGHT OFF CARRIAGEWAY INTO OBJECT/PARKED VEHICLE,No,Day,Yes,Not at intersection,Other injury accident,100 km/hr,145.03223,-37.79064,BOROONDARA,METROPOLITAN SOUTH EAST REGION,1,1,0,0,1,0,0,1,0,0,1,0,0,0,0,0,0,0,1,0,No,0,1,0,1,0,0,Metropolitan Excluding CBD
9/11/2012,11.10.00,No,Collision with vehicle,VEHICLE COLLIDES WITH VEHICLE PARKED ON LEFT OF ROAD,No,Day,Yes,Not at intersection,Serious injury accident,50 km/hr,144.97749,-37.80974,MELBOURNE,METROPOLITAN NORTH WEST REGION,1,1,0,1,0,0,0,1,0,0,1,0,0,0,0,0,0,0,0,1,No,0,3,0,3,0,0,Metropolitan Excluding CBD
9/11/2012,12.05.00,No,Collision with vehicle,CROSS TRAFFIC(INTERSECTIONS ONLY),No,Day,Yes,Cross intersection,Other injury accident,60 km/hr,148.00083,-37.87343,EAST GIPPSLAND,EASTERN REGION,2,1,0,0,1,1,2,0,0,0,2,0,0,0,0,0,0,0,1,1,No,0,2,0,2,0,0,Other Towns
9/11/2012,08.50.00,No,Struck Pedestrian,PED NEAR SIDE. PED HIT BY VEHICLE FROM THE RIGHT.,No,Day,No,Not at intersection,Other injury accident,60 km/hr,144.70092,-37.89223,WYNDHAM,METROPOLITAN NORTH WEST REGION,2,1,0,0,1,1,0,2,0,0,1,1,0,0,0,0,1,0,0,1,No,0,1,0,1,0,0,Metropolitan Excluding CBD
9/11/2012,13.00.00,No,Collision with vehicle,RIGHT THROUGH,No,Day,Yes,T intersection,Serious injury accident,50 km/hr,142.19394,-36.71176,HORSHAM,WESTERN REGION,3,1,0,1,0,2,1,2,1,1,1,0,0,0,0,0,0,0,0,1,No,0,2,0,1,0,0,Small Provincial Cities
9/11/2012,13.05.00,No,Collision with vehicle,U TURN,No,Day,Yes,Not at intersection,Serious injury accident,100 km/hr,144.5802,-37.84933,WYNDHAM,METROPOLITAN NORTH WEST REGION,2,1,0,1,0,1,1,1,0,0,2,0,0,0,0,0,0,0,0,0,No,0,2,0,1,0,0,Country
9/11/2012,14.20.00,No,Vehicle overturned (no collision),OUT OF CONTROL ON CARRIAGEWAY (ON STRAIGHT),No,Day,Yes,Not at intersection,Other injury accident,100 km/hr,141.53656,-38.27853,GLENELG,SOUTH WESTERN REGION,1,1,0,0,1,0,1,0,0,0,1,0,0,0,0,0,0,0,0,0,No,0,1,1,0,0,0,Country
9/11/2012,12.50.00,No,Collision with vehicle,REAR END(VEHICLES IN SAME LANE),No,Day,No,Not at intersection,Other injury accident,60 km/hr,144.94373,-37.78946,MELBOURNE,METROPOLITAN NORTH WEST REGION,4,1,0,0,1,3,2,2,0,1,3,0,0,0,0,0,0,0,0,0,No,0,3,0,3,0,0,Metropolitan Excluding CBD
9/11/2012,16.25.00,Yes,Collision with vehicle,U TURN,No,Day,Yes,T intersection,Other injury accident,60 km/hr,144.38371,-38.17289,GEELONG,SOUTH WESTERN REGION,2,1,0,0,1,1,1,1,0,0,2,0,0,0,0,0,0,0,1,0,No,0,2,0,2,0,0,Large Provincial Cities
9/11/2012,15.50.00,No,Collision with vehicle,RIGHT THROUGH,No,Day,Yes,Cross intersection,Other injury accident,60 km/hr,144.93142,-37.64087,HUME,METROPOLITAN NORTH WEST REGION,3,1,0,0,1,2,2,1,0,1,2,0,0,0,0,0,0,0,0,0,No,0,2,0,2,0,0,Metropolitan Excluding CBD
9/11/2012,17.10.00,Yes,Collision with vehicle,U TURN,No,Day,Yes,T intersection,Other injury accident,50 km/hr,145.11078,-38.00641,KINGSTON,METROPOLITAN SOUTH EAST REGION,2,1,0,0,1,1,1,1,0,0,2,0,0,0,0,0,0,0,0,1,No,0,2,0,2,0,0,Metropolitan Excluding CBD
9/11/2012,16.45.00,Yes,Collision with a fixed object,RIGHT OFF CARRIAGEWAY INTO OBJECT/PARKED VEHICLE,No,Day,Yes,T intersection,Fatal accident,60 km/hr,145.20941,-37.9457,DANDENONG,METROPOLITAN SOUTH EAST REGION,1,1,1,0,0,0,1,0,0,0,1,0,0,0,0,0,0,0,0,0,No,0,1,0,1,0,0,Metropolitan Excluding CBD
9/11/2012,18.50.00,Yes,No collision and no object struck,OUT OF CONTROL ON CARRIAGEWAY (ON STRAIGHT),No,Day,Yes,Not at intersection,Other injury accident,60 km/hr,145.23173,-37.81583,MAROONDAH,METROPOLITAN SOUTH EAST REGION,2,1,0,0,1,1,2,0,0,0,1,0,0,1,0,0,0,0,0,0,No,0,2,0,1,1,0,Metropolitan Excluding CBD