ACCIDENT_DATE,ACCIDENT_TIME,ALCOHOLTIME,ACCIDENT_TYPE,DCA_CODE,HIT_RUN_FLAG,LIGHT_CONDITION,POLICE_ATTEND,ROAD_GEOMETRY,SEVERITY,SPEED_ZONE,LONGITUDE,LATITUDE,LGA_NAME,REGION_NAME,TOTAL_PERSONS,INJ_OR_FATAL,FATALITY,SERIOUSINJURY,OTHERINJURY,NONINJURED,MALES,FEMALES,BICYCLIST,PASSENGER,DRIVER,PEDESTRIAN,PILLION,MOTORIST,UNKNOWN,PED_CYCLIST_5_12,PED_CYCLIST_13_18,OLD_PEDESTRIAN,OLD_DRIVER,YOUNG_DRIVER,ALCOHOL_RELATED,UNLICENCSED,NO_OF_VEHICLES,HEAVYVEHICLE,PASSENGERVEHICLE,MOTORCYCLE,PUBLICVEHICLE,DEG_URBAN_NAME
15/11/2012,09.45.00,No,Collision with vehicle,VEHICLE COLLIDES WITH VEHICLE PARKED ON LEFT OF ROAD,No,Day,Yes,T intersection,Other injury accident,60 km/hr,144.90507,-37.78671,MOONEE VALLEY,METROPOLITAN NORTH WEST REGION,2,1,0,0,1,1,2,0,0,1,1,0,0,0,0,0,0,0,0,0,No,0,2,0,2,0,0,Metropolitan Excluding CBD
15/11/2012,12.04.00,No,Struck animal,STRUCK ANIMAL,No,Day,Yes,Not at intersection,Serious injury accident,100 km/hr,145.71242,-36.97763,MANSFIELD,NORTH EASTERN REGION,1,1,0,1,0,0,1,0,0,0,1,0,0,0,0,0,0,0,0,1,No,0,1,0,1,0,0,Country
15/11/2012,11.30.00,No,Struck Pedestrian,FAR SIDE. PED HIT BY VEHICLE FROM THE LEFT,Yes,Day,No,Not at intersection,Other injury accident,50 km/hr,144.21842,-37.06581,MOUNT ALEXANDER,NORTHERN REGION,2,1,0,0,1,1,1,0,0,0,0,1,0,0,1,0,0,0,0,0,No,0,1,0,0,0,0,Other Towns
15/11/2012,07.00.00,No,Collision with a fixed object,LEFT OFF CARRIAGEWAY INTO OBJECT/PARKED VEHICLE,No,Dusk/Dawn,No,T intersection,Other injury accident,60 km/hr,145.01982,-38.3856,MORNINGTON PENINSULA,METROPOLITAN SOUTH EAST REGION,1,1,0,0,1,0,1,0,0,0,1,0,0,0,0,0,0,0,0,0,No,0,1,0,1,0,0,Small Towns
15/11/2012,11.50.00,No,Collision with vehicle,RIGHT NEAR (INTERSECTIONS ONLY),No,Day,Yes,T intersection,Serious injury accident,60 km/hr,145.11716,-38.03581,KINGSTON,METROPOLITAN SOUTH EAST REGION,2,1,0,1,0,1,1,1,0,0,1,0,0,1,0,0,0,0,0,0,No,0,2,0,1,1,0,Metropolitan Excluding CBD
15/11/2012,11.40.00,No,Collision with vehicle,CROSS TRAFFIC(INTERSECTIONS ONLY),No,Day,Yes,Cross intersection,Serious injury accident,80 km/hr,145.15057,-37.99151,DANDENONG,METROPOLITAN SOUTH EAST REGION,3,3,0,2,1,0,1,2,0,1,2,0,0,0,0,0,0,0,0,0,No,0,2,0,2,0,0,Metropolitan Excluding CBD
15/11/2012,13.40.00,No,Collision with vehicle,RIGHT THROUGH,No,Day,Yes,Cross intersection,Other injury accident,80 km/hr,145.89333,-38.14431,BAW BAW,EASTERN REGION,2,2,0,0,2,0,2,0,0,0,2,0,0,0,0,0,0,0,0,0,No,0,2,0,2,0,0,Country
15/11/2012,10.35.00,No,Collision with vehicle,RIGHT THROUGH,No,Day,Yes,T intersection,Other injury accident,70 km/hr,144.92535,-37.75152,MOONEE VALLEY,METROPOLITAN NORTH WEST REGION,3,1,0,0,1,2,1,2,0,0,3,0,0,0,0,0,0,0,1,0,No,0,3,0,3,0,0,Metropolitan Excluding CBD
15/11/2012,13.35.00,No,Vehicle overturned (no collision),OFF CARRIAGEWAY ON RIGHT BEND,No,Day,Yes,Not at intersection,Other injury accident,100 km/hr,146.41049,-38.15936,LATROBE,EASTERN REGION,1,1,0,0,1,0,1,0,0,0,0,0,0,1,0,0,0,0,0,0,No,0,1,0,0,1,0,Country
15/11/2012,14.32.00,No,Collision with vehicle,RIGHT THROUGH,No,Day,Yes,Multiple intersection,Serious injury accident,60 km/hr,144.94835,-37.82523,MELBOURNE,METROPOLITAN NORTH WEST REGION,5,3,0,1,2,2,1,4,0,3,2,0,0,0,0,0,0,0,0,0,No,0,2,0,2,0,0,Metropolitan Excluding CBD
15/11/2012,13.30.00,No,Collision with vehicle,REAR END(VEHICLES IN SAME LANE),No,Day,No,Cross intersection,Other injury accident,60 km/hr,144.23583,-36.79097,BENDIGO,NORTHERN REGION,2,1,0,0,1,1,1,0,1,0,1,0,0,0,0,0,1,0,0,0,No,0,2,0,1,0,0,Large Provincial Cities
15/11/2012,11.20.00,No,Collision with vehicle,LANE CHANGE LEFT (NOT OVERTAKING),No,Day,Yes,Not at intersection,Serious injury accident,50 km/hr,144.95885,-37.69516,MORELAND,METROPOLITAN NORTH WEST REGION,2,1,0,1,0,1,1,1,0,0,1,0,0,1,0,0,0,0,0,0,No,1,2,0,1,1,0,Metropolitan Excluding CBD
15/11/2012,10.59.00,No,Collision with a fixed object,LEFT OFF CARRIAGEWAY INTO OBJECT/PARKED VEHICLE,No,Day,Yes,Not at intersection,Fatal accident,50 km/hr,144.61536,-38.28112,QUEENSCLIFFE,SOUTH WESTERN REGION,1,1,1,0,0,0,1,0,0,0,1,0,0,0,0,0,0,0,0,0,No,0,1,0,1,0,0,Other Towns
15/11/2012,13.20.00,No,Collision with vehicle,CROSS TRAFFIC(INTERSECTIONS ONLY),No,Day,Yes,Cross intersection,Serious injury accident,60 km/hr,145.22715,-37.84763,KNOX,METROPOLITAN SOUTH EAST REGION,10,1,0,1,0,9,5,5,0,6,4,0,0,0,0,0,0,0,0,0,No,1,4,0,4,0,0,Metropolitan Excluding CBD
15/11/2012,17.55.00,No,Collision with vehicle,HEAD ON (NOT OVERTAKING),No,Day,Yes,Not at intersection,Serious injury accident,90 km/hr,148.02936,-37.85895,EAST GIPPSLAND,EASTERN REGION,2,2,0,1,1,0,2,0,0,0,2,0,0,0,0,0,0,0,0,1,No,0,2,1,1,0,0,Country
15/11/2012,18.30.00,Yes,Collision with vehicle,U TURN,No,Day,Yes,Not at intersection,Serious injury accident,60 km/hr,145.12852,-38.10422,FRANKSTON,METROPOLITAN SOUTH EAST REGION,3,1,0,1,0,2,2,1,0,0,3,0,0,0,0,0,0,0,0,1,No,1,3,0,3,0,0,Metropolitan Excluding CBD
15/11/2012,18.59.00,Yes,Collision with vehicle,CROSS TRAFFIC(INTERSECTIONS ONLY),No,Day,Yes,Cross intersection,Other injury accident,100 km/hr,145.22825,-38.134,CASEY,METROPOLITAN SOUTH EAST REGION,5,1,0,0,1,4,4,1,0,1,4,0,0,0,0,0,0,0,0,0,Yes,0,4,0,4,0,0,Metropolitan Excluding CBD
15/11/2012,23.15.00,Yes,Vehicle overturned (no collision),OFF CARRIAGEWAY ON RIGHT BEND,No,Dark Street lights on,Yes,Not at intersection,Serious injury accident,70 km/hr,144.306,-38.1683,GEELONG,SOUTH WESTERN REGION,1,1,0,1,0,0,1,0,0,0,1,0,0,0,0,0,0,0,0,1,No,0,1,0,1,0,0,Large Provincial Cities
15/11/2012,15.35.00,No,Collision with vehicle,RIGHT REAR.,No,Day,Yes,Cross intersection,Serious injury accident,100 km/hr,144.94818,-36.29883,CAMPASPE,NORTHERN REGION,2,1,0,1,0,1,2,0,0,0,2,0,0,0,0,0,0,0,0,0,No,0,2,1,1,0,0,Country
15/11/2012,17.40.00,No,Collision with a fixed object,RIGHT OFF CARRIAGEWAY INTO OBJECT/PARKED VEHICLE,No,Day,Yes,Not at intersection,Other injury accident,100 km/hr,144.96612,-36.56821,CAMPASPE,NORTHERN REGION,1,1,0,0,1,0,1,0,0,0,1,0,0,0,0,0,0,0,0,1,No,0,1,0,1,0,0,Country
15/11/2012,15.15.00,No,Collision with a fixed object,OFF RIGHT BEND INTO OBJECT/PARKED VEHICLE,No,Day,No,Not at intersection,Other injury accident,Not known,147.07847,-37.93265,WELLINGTON,EASTERN REGION,2,2,0,0,2,0,0,2,0,1,1,0,0,0,0,0,0,0,0,0,No,0,1,0,1,0,0,Country
15/11/2012,18.00.00,Yes,Collision with vehicle,LEFT REAR,No,Day,No,Cross intersection,Other injury accident,60 km/hr,144.96885,-37.80729,MELBOURNE,METROPOLITAN NORTH WEST REGION,2,1,0,0,1,1,2,0,1,0,1,0,0,0,0,0,0,0,0,0,No,0,2,0,1,0,0,Metropolitan Excluding CBD
15/11/2012,06.55.00,No,Collision with vehicle,RIGHT THROUGH,No,Dusk/Dawn,No,T intersection,Other injury accident,Not known,144.86669,-37.83319,HOBSONS BAY,METROPOLITAN NORTH WEST REGION,2,1,0,0,1,1,2,0,1,0,1,0,0,0,0,0,0,0,0,0,No,0,2,0,1,0,0,Metropolitan Excluding CBD
15/11/2012,10.45.00,No,Collision with vehicle,REAR END(VEHICLES IN SAME LANE),Yes,Day,No,T intersection,Other injury accident,70 km/hr,145.08169,-37.90907,GLEN EIRA,METROPOLITAN SOUTH EAST REGION,2,1,0,0,1,1,1,0,0,0,2,0,0,0,0,0,0,0,0,0,No,0,2,0,2,0,0,Metropolitan Excluding CBD
15/11/2012,15.15.00,No,Collision with vehicle,LEFT TURN SIDESWIPE,Yes,Day,No,T intersection,Other injury accident,60 km/hr,145.01114,-37.8198,YARRA,METROPOLITAN NORTH WEST REGION,2,1,0,0,1,1,1,0,0,0,1,0,0,1,0,0,0,0,0,0,No,0,2,0,1,1,0,Metropolitan Excluding CBD
15/11/2012,19.10.00,Yes,Collision with vehicle,REAR END(VEHICLES IN SAME LANE),Yes,Day,No,T intersection,Other injury accident,60 km/hr,145.17895,-37.87566,MONASH,METROPOLITAN SOUTH EAST REGION,2,1,0,0,1,1,2,0,0,0,1,0,0,1,0,0,0,0,0,0,No,0,2,0,1,1,0,Metropolitan Excluding CBD
15/11/2012,06.05.00,No,Collision with vehicle,LEFT NEAR (INTERSECTIONS ONLY),No,Dusk/Dawn,No,Cross intersection,Other injury accident,50 km/hr,144.95266,-37.77324,MORELAND,METROPOLITAN NORTH WEST REGION,2,1,0,0,1,1,1,1,1,0,1,0,0,0,0,0,0,0,0,0,No,0,2,0,1,0,0,Metropolitan Excluding CBD
15/11/2012,08.45.00,No,Collision with vehicle,VEHICLE STRIKES ANOTHER VEH WHILE EMERGING FROM DRIVEWAY,No,Day,No,Not at intersection,Other injury accident,60 km/hr,142.49289,-38.32274,WARRNAMBOOL,SOUTH WESTERN REGION,2,1,0,0,1,1,1,1,1,0,1,0,0,0,0,1,0,0,0,0,No,0,2,0,1,0,0,Small Towns
16/11/2012,04.40.00,Yes,Collision with vehicle,LEAVING PARKING,No,Dark Street lights on,Yes,Cross intersection,Serious injury accident,60 km/hr,145.22048,-37.81701,MAROONDAH,METROPOLITAN SOUTH EAST REGION,7,3,0,1,2,4,4,3,0,5,2,0,0,0,0,0,0,0,0,0,No,0,2,0,2,0,0,Metropolitan Excluding CBD
16/11/2012,05.00.00,Yes,Collision with vehicle,HEAD ON (NOT OVERTAKING),No,Dark Street lights on,Yes,Not at intersection,Other injury accident,60 km/hr,144.81309,-37.83025,WYNDHAM,METROPOLITAN NORTH WEST REGION,3,1,0,0,1,2,3,0,0,0,3,0,0,0,0,0,0,0,0,0,No,0,3,0,3,0,0,Metropolitan Excluding CBD
16/11/2012,05.20.00,Yes,Collision with vehicle,REAR END(VEHICLES IN SAME LANE),No,Dark Street lights on,Yes,T intersection,Serious injury accident,60 km/hr,145.09602,-37.63245,WHITTLESEA,METROPOLITAN NORTH WEST REGION,3,2,0,1,1,1,2,1,0,0,3,0,0,0,0,0,0,0,0,1,No,0,3,0,2,0,0,Metropolitan Excluding CBD
16/11/2012,06.05.00,No,Collision with a fixed object,LEFT OFF CARRIAGEWAY INTO OBJECT/PARKED VEHICLE,No,Dusk/Dawn,Yes,Cross intersection,Other injury accident,60 km/hr,144.97731,-37.85981,PORT PHILLIP,METROPOLITAN NORTH WEST REGION,1,1,0,0,1,0,1,0,0,0,1,0,0,0,0,0,0,0,0,0,No,0,1,0,1,0,0,Metropolitan Excluding CBD
16/11/2012,07.10.00,No,No collision and no object struck,OUT OF CONTROL ON CARRIAGEWAY (ON STRAIGHT),Not known,Day,Yes,T intersection,Serious injury accident,Not known,144.97795,-37.78109,YARRA,METROPOLITAN NORTH WEST REGION,1,1,0,1,0,0,0,1,1,0,0,0,0,0,0,0,0,0,0,0,No,0,1,0,0,0,0,Metropolitan Excluding CBD
16/11/2012,07.59.00,No,Collision with vehicle,REAR END(VEHICLES IN SAME LANE),No,Day,Yes,Not at intersection,Other injury accident,80 km/hr,145.092,-37.89358,MONASH,METROPOLITAN SOUTH EAST REGION,3,1,0,0,1,2,2,1,0,0,3,0,0,0,0,0,0,0,0,1,No,0,3,0,3,0,0,Metropolitan Excluding CBD
16/11/2012,08.40.00,No,Collision with vehicle,RIGHT THROUGH,No,Day,Yes,Multiple intersection,Serious injury accident,60 km/hr,146.01329,-36.01502,MOIRA,NORTH EASTERN REGION,3,1,0,1,0,2,0,3,0,1,2,0,0,0,0,0,0,0,1,0,No,0,2,0,2,0,0,Other Towns
16/11/2012,13.20.00,No,Struck Pedestrian,PED PLAYING/LYING/WORKING/STANDING ON CARRIAGEWAY.,Yes,Day,Yes,Not at intersection,Serious injury accident,80 km/hr,145.20375,-37.85938,KNOX,METROPOLITAN SOUTH EAST REGION,2,2,0,1,1,0,1,0,0,0,1,1,0,0,0,0,0,0,0,0,No,1,1,0,1,0,0,Metropolitan Excluding CBD
16/11/2012,12.09.00,No,Collision with vehicle,REAR END(VEHICLES IN SAME LANE),No,Day,Yes,Cross intersection,Other injury accident,80 km/hr,145.23307,-37.92801,KNOX,METROPOLITAN SOUTH EAST REGION,6,1,0,0,1,5,4,2,0,3,3,0,0,0,0,0,0,0,0,0,No,0,3,0,3,0,0,Metropolitan Excluding CBD
16/11/2012,07.11.00,No,Collision with vehicle,LANE SIDE SWIPE (VEHICLES IN PARALLEL LANES),No,Day,Yes,Not at intersection,Serious injury accident,40 km/hr,145.01645,-37.81227,BOROONDARA,METROPOLITAN SOUTH EAST REGION,3,3,0,1,2,0,2,1,0,1,2,0,0,0,0,0,0,0,0,0,No,0,2,1,1,0,0,Metropolitan Excluding CBD
16/11/2012,12.30.00,No,Collision with a fixed object,OFF LEFT BEND INTO OBJECT/PARKED VEHICLE,No,Day,Yes,Not at intersection,Other injury accident,80 km/hr,145.44102,-37.79597,YARRA RANGES,METROPOLITAN SOUTH EAST REGION,1,1,0,0,1,0,1,0,0,0,1,0,0,0,0,0,0,0,0,1,No,0,1,0,1,0,0,Country
16/11/2012,13.30.00,No,Collision with a fixed object,RIGHT OFF CARRIAGEWAY INTO OBJECT/PARKED VEHICLE,No,Day,Yes,Not at intersection,Serious injury accident,50 km/hr,145.23387,-37.76539,MANNINGHAM,METROPOLITAN SOUTH EAST REGION,1,1,0,1,0,0,1,0,0,0,1,0,0,0,0,0,0,0,1,0,No,0,1,0,1,0,0,Country
16/11/2012,12.20.00,No,Collision with a fixed object,LEFT OFF CARRIAGEWAY INTO OBJECT/PARKED VEHICLE,No,Day,Yes,Not at intersection,Serious injury accident,50 km/hr,145.04277,-37.85558,STONNINGTON,METROPOLITAN SOUTH EAST REGION,1,1,0,1,0,0,0,1,0,0,1,0,0,0,0,0,0,0,1,0,No,0,1,0,1,0,0,Metropolitan Excluding CBD
16/11/2012,07.50.00,No,Struck Pedestrian,FAR SIDE. PED HIT BY VEHICLE FROM THE LEFT,No,Day,Yes,Cross intersection,Serious injury accident,60 km/hr,144.77783,-37.7526,BRIMBANK,METROPOLITAN NORTH WEST REGION,2,1,0,1,0,1,2,0,0,0,1,1,0,0,0,0,0,1,0,0,No,0,1,0,1,0,0,Metropolitan Excluding CBD
16/11/2012,13.40.00,No,Collision with vehicle,REAR END(VEHICLES IN SAME LANE),No,Day,Yes,Not at intersection,Other injury accident,100 km/hr,144.94933,-37.51737,HUME,METROPOLITAN NORTH WEST REGION,2,1,0,0,1,1,0,2,0,0,2,0,0,0,0,0,0,0,0,0,No,0,2,0,2,0,0,Metropolitan Excluding CBD
16/11/2012,08.58.00,No,Collision with vehicle,RIGHT THROUGH,No,Day,Yes,T intersection,Other injury accident,60 km/hr,145.05832,-37.74472,BANYULE,METROPOLITAN NORTH WEST REGION,4,4,0,0,4,0,2,2,0,2,2,0,0,0,0,0,0,0,0,0,No,0,2,0,2,0,0,Metropolitan Excluding CBD
16/11/2012,15.15.00,No,Collision with vehicle,CROSS TRAFFIC(INTERSECTIONS ONLY),No,Day,Yes,Cross intersection,Other injury accident,80 km/hr,145.63191,-35.92532,MOIRA,NORTH EASTERN REGION,2,2,0,0,2,0,1,1,0,0,2,0,0,0,0,0,0,0,0,2,No,0,2,0,2,0,0,Other Towns
16/11/2012,15.15.00,No,Collision with a fixed object,OFF RIGHT BEND INTO OBJECT/PARKED VEHICLE,No,Day,Yes,T intersection,Serious injury accident,100 km/hr,145.65589,-38.31156,SOUTH GIPPSLAND,EASTERN REGION,1,1,0,1,0,0,1,0,0,0,1,0,0,0,0,0,0,0,0,0,No,0,1,0,1,0,0,Country
16/11/2012,16.07.00,Yes,Collision with vehicle,LEFT NEAR (INTERSECTIONS ONLY),No,Day,Yes,T intersection,Other injury accident,60 km/hr,143.89465,-37.41959,HEPBURN,WESTERN REGION,2,1,0,0,1,1,1,1,1,0,1,0,0,0,0,0,0,0,0,0,No,0,2,0,1,0,0,Other Towns
16/11/2012,14.45.00,No,Collision with vehicle,REAR END(VEHICLES IN SAME LANE),No,Day,Yes,T intersection,Other injury accident,60 km/hr,144.77756,-37.72707,BRIMBANK,METROPOLITAN NORTH WEST REGION,5,1,0,0,1,4,2,3,0,2,3,0,0,0,0,0,0,0,0,1,No,0,3,0,3,0,0,Metropolitan Excluding CBD
16/11/2012,15.35.00,No,Collision with vehicle,REVERSING IN STREAM OF TRAFFIC,No,Day,Yes,Cross intersection,Other injury accident,80 km/hr,145.24783,-37.8732,KNOX,METROPOLITAN SOUTH EAST REGION,3,1,0,0,1,2,2,0,0,1,2,0,0,0,0,0,0,0,0,0,No,0,2,0,2,0,0,Metropolitan Excluding CBD
16/11/2012,15.35.00,No,Struck Pedestrian,PED NEAR SIDE. PED HIT BY VEHICLE FROM THE RIGHT.,Yes,Day,No,Cross intersection,Other injury accident,50 km/hr,143.86341,-37.56489,BALLARAT,WESTERN REGION,2,1,0,0,1,1,0,1,0,0,0,1,0,0,1,0,0,0,0,0,No,0,1,0,0,0,0,Large Provincial Cities
16/11/2012,13.30.00,No,Collision with vehicle,VEHICLE COLLIDES WITH VEHICLE PARKED ON LEFT OF ROAD,No,Day,No,T intersection,Other injury accident,50 km/hr,144.96098,-37.77383,MORELAND,METROPOLITAN NORTH WEST REGION,1,1,0,0,1,0,1,0,1,0,0,0,0,0,0,0,0,0,0,0,No,0,2,0,0,0,0,Metropolitan Excluding CBD
16/11/2012,18.20.00,Yes,Collision with vehicle,LEFT TURN SIDESWIPE,No,Day,Yes,Cross intersection,Serious injury accident,50 km/hr,144.9459,-37.80053,MELBOURNE,METROPOLITAN NORTH WEST REGION,2,1,0,1,0,1,2,0,1,0,1,0,0,0,0,0,0,0,0,0,No,0,2,0,1,0,0,Metropolitan Excluding CBD
16/11/2012,18.40.00,Yes,Collision with vehicle,LANE CHANGE LEFT (NOT OVERTAKING),No,Day,Yes,Not at intersection,Other injury accident,100 km/hr,145.24257,-37.97982,CASEY,METROPOLITAN SOUTH EAST REGION,2,1,0,0,1,1,1,1,0,0,2,0,0,0,0,0,0,0,0,1,No,0,2,0,2,0,0,Metropolitan Excluding CBD
16/11/2012,16.57.00,Yes,Struck Pedestrian,FAR SIDE. PED HIT BY VEHICLE FROM THE LEFT,No,Day,Yes,T intersection,Other injury accident,50 km/hr,144.96715,-37.74135,MORELAND,METROPOLITAN NORTH WEST REGION,3,1,0,0,1,2,0,3,0,0,1,2,0,0,0,1,0,0,0,0,No,0,1,0,1,0,0,Metropolitan Excluding CBD
16/11/2012,16.48.00,Yes,Collision with vehicle,RIGHT REAR.,No,Day,Yes,Cross intersection,Other injury accident,80 km/hr,144.95823,-37.68955,HUME,METROPOLITAN NORTH WEST REGION,4,1,0,0,1,3,2,1,0,1,3,0,0,0,0,0,0,0,0,0,No,0,3,0,3,0,0,Metropolitan Excluding CBD
16/11/2012,19.30.00,Yes,Collision with vehicle,CROSS TRAFFIC(INTERSECTIONS ONLY),No,Day,Yes,Cross intersection,Other injury accident,80 km/hr,142.22329,-36.6971,HORSHAM,WESTERN REGION,6,1,0,0,1,5,2,4,0,4,2,0,0,0,0,0,0,0,0,1,No,0,2,0,2,0,0,Small Provincial Cities
16/11/2012,16.45.00,Yes,Collision with vehicle,LEAVING PARKING,No,Day,No,Not at intersection,Other injury accident,60 km/hr,145.0585,-37.88158,STONNINGTON,METROPOLITAN SOUTH EAST REGION,3,1,0,0,1,2,1,2,0,1,2,0,0,0,0,0,0,0,0,2,No,0,2,0,2,0,0,Metropolitan Excluding CBD
16/11/2012,15.20.00,No,Collision with vehicle,VEHICLE COLLIDES WITH VEHICLE PARKED ON LEFT OF ROAD,No,Day,Yes,Not at intersection,Other injury accident,70 km/hr,145.00266,-37.67079,WHITTLESEA,METROPOLITAN NORTH WEST REGION,1,1,0,0,1,0,1,0,0,0,1,0,0,0,0,0,0,0,0,0,No,0,3,0,3,0,0,Metropolitan Excluding CBD
16/11/2012,20.18.00,Yes,Collision with vehicle,RIGHT THROUGH,No,Dusk/Dawn,Yes,T intersection,Fatal accident,60 km/hr,144.24797,-36.77745,BENDIGO,NORTHERN REGION,2,2,1,0,1,0,1,1,0,0,1,0,0,1,0,0,0,0,0,1,No,0,2,0,1,1,0,Large Provincial Cities
16/11/2012,23.00.00,Yes,Collision with a fixed object,RIGHT OFF CARRIAGEWAY INTO OBJECT/PARKED VEHICLE,No,Dark No street lights,Yes,T intersection,Serious injury accident,100 km/hr,145.69864,-38.53631,BASS COAST,EASTERN REGION,1,1,0,1,0,0,0,1,0,0,1,0,0,0,0,0,0,0,0,1,No,0,1,0,1,0,0,Country
16/11/2012,21.18.00,Yes,Struck Pedestrian,PED WALKING WITH TRAFFIC,No,Dark No street lights,Yes,Not at intersection,Fatal accident,80 km/hr,143.34951,-35.18543,SWAN HILL,NORTHERN REGION,2,1,1,0,0,1,1,1,0,0,1,1,0,0,0,0,0,0,0,1,No,0,1,0,1,0,0,Small Towns
16/11/2012,22.41.00,Yes,Collision with vehicle,REAR END(VEHICLES IN SAME LANE),No,Dark Street lights on,Yes,Not at intersection,Other injury accident,60 km/hr,144.98582,-37.86551,PORT PHILLIP,METROPOLITAN NORTH WEST REGION,4,3,0,0,3,1,1,3,0,2,2,0,0,0,0,0,0,0,0,0,No,0,2,0,2,0,0,Metropolitan Excluding CBD
16/11/2012,16.45.00,Yes,Collision with a fixed object,LEFT OFF CARRIAGEWAY INTO OBJECT/PARKED VEHICLE,No,Day,Yes,Not at intersection,Other injury accident,100 km/hr,144.56596,-36.76826,BENDIGO,NORTHERN REGION,1,1,0,0,1,0,0,1,0,0,1,0,0,0,0,0,0,0,0,0,No,0,1,0,1,0,0,Country
16/11/2012,14.20.00,No,Collision with vehicle,REAR END(VEHICLES IN SAME LANE),No,Day,No,Cross intersection,Other injury accident,Not known,145.23945,-38.07766,CASEY,METROPOLITAN SOUTH EAST REGION,2,1,0,0,1,1,2,0,0,0,2,0,0,0,0,0,0,0,0,0,No,0,2,0,1,0,0,Metropolitan Excluding CBD
16/11/2012,15.30.00,No,Collision with vehicle,CROSS TRAFFIC(INTERSECTIONS ONLY),No,Day,Yes,Cross intersection,Other injury accident,50 km/hr,142.37096,-38.30053,MOYNE,SOUTH WESTERN REGION,4,2,0,0,2,2,3,1,0,2,2,0,0,0,0,0,0,0,0,0,No,0,2,0,2,0,0,Other Towns
16/11/2012,16.59.00,Yes,Collision with vehicle,RIGHT FAR (INTERSECTIONS ONLY),No,Day,Yes,T intersection,Serious injury accident,50 km/hr,145.10348,-37.79791,WHITEHORSE,METROPOLITAN SOUTH EAST REGION,2,1,0,1,0,1,1,1,0,0,2,0,0,0,0,0,0,0,1,1,No,0,2,0,2,0,0,Metropolitan Excluding CBD
16/11/2012,19.10.00,Yes,Collision with vehicle,REAR END(VEHICLES IN SAME LANE),No,Dusk/Dawn,No,Cross intersection,Other injury accident,60 km/hr,144.77947,-37.74196,BRIMBANK,METROPOLITAN NORTH WEST REGION,3,1,0,0,1,2,1,2,0,1,2,0,0,0,0,0,0,0,0,0,No,0,2,0,2,0,0,Metropolitan Excluding CBD
16/11/2012,21.30.00,Yes,Collision with vehicle,U TURN,No,Dark Street lights unknown,No,Not at intersection,Other injury accident,50 km/hr,144.97674,-37.82372,MELBOURNE,METROPOLITAN NORTH WEST REGION,2,1,0,0,1,1,2,0,0,0,2,0,0,0,0,0,0,0,0,0,No,0,2,0,2,0,0,Metropolitan Excluding CBD
16/11/2012,06.30.00,No,Collision with vehicle,LANE SIDE SWIPE (VEHICLES IN PARALLEL LANES),No,Day,No,Cross intersection,Other injury accident,70 km/hr,144.94444,-37.83127,PORT PHILLIP,METROPOLITAN NORTH WEST REGION,2,1,0,0,1,1,2,0,0,0,1,0,0,1,0,0,0,0,0,0,No,0,2,0,1,1,0,Metropolitan Excluding CBD
16/11/2012,16.00.00,Yes,Collision with vehicle,REAR END(VEHICLES IN SAME LANE),No,Day,No,T intersection,Other injury accident,Not known,145.17115,-37.99396,DANDENONG,METROPOLITAN SOUTH EAST REGION,2,1,0,0,1,1,2,0,0,0,2,0,0,0,0,0,0,0,0,1,No,0,2,0,2,0,0,Metropolitan Excluding CBD
16/11/2012,16.51.00,Yes,Collision with a fixed object,RIGHT OFF CARRIAGEWAY INTO OBJECT/PARKED VEHICLE,No,Day,Yes,Cross intersection,Serious injury accident,80 km/hr,145.29035,-37.79717,MAROONDAH,METROPOLITAN SOUTH EAST REGION,4,3,0,3,0,1,1,2,0,2,1,0,0,0,1,0,0,0,0,0,No,0,2,0,1,0,0,Metropolitan Excluding CBD
16/11/2012,14.15.00,No,Collision with vehicle,REAR END(VEHICLES IN SAME LANE),No,Day,No,Not at intersection,Other injury accident,80 km/hr,144.85164,-37.7378,BRIMBANK,METROPOLITAN NORTH WEST REGION,2,2,0,0,2,0,2,0,0,0,2,0,0,0,0,0,0,0,0,0,No,0,2,0,2,0,0,Metropolitan Excluding CBD
16/11/2012,08.30.00,No,Collision with vehicle,LANE CHANGE RIGHT (NOT OVERTAKING),No,Day,No,Not at intersection,Other injury accident,60 km/hr,144.27257,-36.76499,BENDIGO,NORTHERN REGION,4,1,0,0,1,3,2,2,0,2,2,0,0,0,0,0,0,0,0,0,No,0,2,0,2,0,0,Large Provincial Cities
17/11/2012,01.30.00,Yes,Struck Pedestrian,PED WALKING WITH TRAFFIC,No,Dark Street lights on,Yes,Not at intersection,Serious injury accident,60 km/hr,144.99508,-37.78519,YARRA,METROPOLITAN NORTH WEST REGION,3,1,0,1,0,2,2,1,0,1,1,1,0,0,0,0,0,0,0,0,No,0,1,0,1,0,0,Metropolitan Excluding CBD
17/11/2012,03.00.00,Yes,Collision with a fixed object,LEFT OFF CARRIAGEWAY INTO OBJECT/PARKED VEHICLE,No,Dark Street lights on,Yes,Cross intersection,Other injury accident,70 km/hr,144.47345,-38.19145,GEELONG,SOUTH WESTERN REGION,1,1,0,0,1,0,0,1,0,0,1,0,0,0,0,0,0,0,0,0,No,0,1,0,1,0,0,Other Towns
17/11/2012,06.30.00,Yes,Collision with a fixed object,RIGHT OFF CARRIAGEWAY INTO OBJECT/PARKED VEHICLE,No,Dusk/Dawn,Yes,Not at intersection,Other injury accident,60 km/hr,144.07841,-36.99328,MOUNT ALEXANDER,NORTHERN REGION,2,2,0,0,2,0,1,1,0,1,1,0,0,0,0,0,0,0,0,0,No,0,1,0,1,0,0,Other Towns